Attack ID;Type of attack;Category;Hospital name;Governorate;Date;Closure;Reopening
1;Airstrike;Violence with heavy weapons, fire or chemical agent;Indonesian Hospital;Gaza North;07-10-2023;;
2;Airstrike;Violence with heavy weapons, fire or chemical agent;Nasser Hospital;Khan Younis;08-10-2023;;
3;Airstrike;Violence with heavy weapons, fire or chemical agent;Al Quds Hospital;Gaza City;08-10-2023;;
4;Inaccessible due to insecurity;Obstruction to healthcare delivery;Beit Hanoun Hospital;Gaza North;09-10-2023;;
5;Airstrike;Violence with heavy weapons, fire or chemical agent;Beit Hanoun Hospital;Gaza North;09-10-2023;09-10-2023;23-04-2025
6;Airstrike;Violence with heavy weapons, fire or chemical agent;Internation Eye Hospital;Gaza City;09-10-2023;13-11-2023;
7;Shelling;Violence with heavy weapons, fire or chemical agent;Al Shifa Medical Hospital;Gaza City;09-10-2023;;
8;Chemical agent;Violence with heavy weapons, fire or chemical agent;Mohamed Al Durrah Hospital;Gaza City;13-10-2023;13-10-2023;01-04-2025
9;Shelling;Violence with heavy weapons, fire or chemical agent;Mohamed Al Durrah Hospital;Gaza City;13-10-2023;;
10;Order of evacuation;Evacuation order;Al Awda Hospital-North;Gaza North;13-10-2023;;
11;Shelling;Violence with heavy weapons, fire or chemical agent;Jordanian field Hospital;Gaza City;14-10-2023;14-10-2023;
12;Order of evacuation;Evacuation order;Al Quds Hospital;Gaza City;14-10-2023;;
13;Order of evacuation;Evacuation order;Al Shifa Medical Hospital;Gaza City;14-10-2023;;
14;Order of evacuation;Evacuation order;Kamal Adwan Hospital;Gaza North;14-10-2023;;
15;Order of evacuation;Evacuation order;Mohamed Al Durrah Hospital;Gaza City;14-10-2023;;
16;Order of evacuation;Evacuation order;Wafa Geriatric Hospital;Gaza City;14-10-2023;13-11-2023;30-05-2025
17;Airstrike;Violence with heavy weapons, fire or chemical agent;Al Najjar Hospital;Rafah;14-10-2023;14-10-2023;22-11-2023
18;Airstrike;Violence with heavy weapons, fire or chemical agent;Al Quds Hospital;Gaza City;14-10-2023;;
19;Airstrike;Violence with heavy weapons, fire or chemical agent;Al Ahli Arab Hospital;Gaza City;14-10-2023;;
20;Not specified;Violence with heavy weapons, fire or chemical agent;Sheik Hamad Hospital for Rehabilitation and Prosthetics;Gaza City;14-10-2023;14-10-2023;17-03-2025
21;Order of evacuation;Evacuation order;Not specified;Gaza North;14-10-2023;;
22;Order of evacuation;Evacuation order;Not specified;Gaza North;14-10-2023;;
23;Order of evacuation;Evacuation order;Not specified;Gaza North;14-10-2023;;
24;Order of evacuation;Evacuation order;Not specified;Gaza North;14-10-2023;17-10-2023;
25;Order of evacuation;Evacuation order;Not specified;Gaza City;14-10-2023;;
26;Order of evacuation;Evacuation order;Not specified;Gaza City;14-10-2023;;
27;Order of evacuation;Evacuation order;Not specified;Gaza City;14-10-2023;;
28;Order of evacuation;Evacuation order;Not specified;Gaza City;14-10-2023;;
29;Order of evacuation;Evacuation order;Not specified;Gaza City;14-10-2023;;
30;Order of evacuation;Evacuation order;Not specified;Gaza City;14-10-2023;;
31;Order of evacuation;Evacuation order;Not specified;Gaza City;14-10-2023;;
32;Order of evacuation;Evacuation order;Not specified;Gaza City;14-10-2023;;
33;Order of evacuation;Evacuation order;Not specified;Gaza City;14-10-2023;;
34;Order of evacuation;Evacuation order;Not specified;Gaza City;14-10-2023;;
35;Order of evacuation;Evacuation order;Not specified;Gaza City;14-10-2023;;
36;Order of evacuation;Evacuation order;Not specified;Gaza City;14-10-2023;;
37;Order of evacuation;Evacuation order;Not specified;Gaza City;14-10-2023;;
38;Order of evacuation;Evacuation order;Not specified;Gaza City;14-10-2023;;
39;Threat;Violence against individuals;Kuwait Hospital;Rafah;15-10-2023;;
40;Order of evacuation;Evacuation order;Kuwait Hospital;Rafah;15-10-2023;;
41;Lack of fuel;Obstruction to healthcare delivery;Turkish Friendship Hospital;Gaza City;17-10-2023;;
42;Airstrike;Violence with heavy weapons, fire or chemical agent;Al Karama Specialized Hospital;Gaza North;17-10-2023;17-10-2023;
43;Bomb;Violence with heavy weapons, fire or chemical agent;Al Ahli Arab Hospital;Gaza City;17-10-2023;;
44;Threat;Violence against individuals;Al Aqsa Hospital;Deir al Balah;17-10-2023;;
45;Lack of fuel/medical supply;Obstruction to healthcare delivery;Al Shifa Medical Hospital;Gaza City;17-10-2023;;
46;Shelling;Violence with heavy weapons, fire or chemical agent;Al Quds Hospital;Gaza City;18-10-2023;;
47;Threat;Violence against individuals;Al Quds Hospital;Gaza City;20-10-2023;;
48;Order of evacuation;Evacuation order;Indonesian Hospital;Gaza North;21-10-2023;;
49;Order of evacuation;Evacuation order;Kamal Adwan Hospital;Gaza North;21-10-2023;;
50;Order of evacuation;Evacuation order;Al Awda Hospital-North;Gaza North;21-10-2023;;
51;Order of evacuation;Evacuation order;Al Sahaba Hospital;Gaza City;21-10-2023;13-11-2023;27-11-2023
52;Order of evacuation;Evacuation order;Al Ahli Arab Hospital;Gaza City;21-10-2023;;
53;Order of evacuation;Evacuation order;Al Shifa Medical Hospital;Gaza City;21-10-2023;;
54;Order of evacuation;Evacuation order;Psychiatric Hospital;Gaza City;21-10-2023;;
55;Order of evacuation;Evacuation order;Al-Ranteesi Al-Naser Paediatric Hospital;Gaza City;21-10-2023;;
56;Order of evacuation;Evacuation order;Al-Rantisi Specialized Hospital;Gaza City;21-10-2023;;
57;Order of evacuation;Evacuation order;Al Quds Hospital;Gaza City;21-10-2023;;
58;Order of evacuation;Evacuation order;Turkish Friendship Hospital;Gaza City;21-10-2023;;
59;Order of evacuation;Evacuation order;Ophtalmic Hospital;Gaza City;21-10-2023;;
60;Order of evacuation;Evacuation order;Not specified;Gaza City;21-10-2023;;
61;Order of evacuation;Evacuation order;Not specified;Gaza City;21-10-2023;;
62;Order of evacuation;Evacuation order;Not specified;Gaza City;21-10-2023;;
63;Order of evacuation;Evacuation order;Not specified;Gaza City;21-10-2023;;
64;Order of evacuation;Evacuation order;Not specified;Gaza City;21-10-2023;;
65;Order of evacuation;Evacuation order;Not specified;Rafah;21-10-2023;;
66;Shelling;Violence with heavy weapons, fire or chemical agent;Al Quds Hospital;Gaza City;22-10-2023;;
67;Lack of fuel;Obstruction to healthcare delivery;Indonesian Hospital;Gaza North;24-10-2023;;
68;Lack of fuel/medical supply;Obstruction to healthcare delivery;Nasser Hospital;Khan Younis;29-10-2023;;
69;Threat;Violence against individuals;Al Quds Hospital;Gaza City;29-10-2023;;
70;Shelling;Violence with heavy weapons, fire or chemical agent;Al Quds Hospital;Gaza City;29-10-2023;;
71;Order of evacuation;Evacuation order;Indonesian Hospital;Gaza North;29-10-2023;;
72;Shelling;Violence with heavy weapons, fire or chemical agent;Turkish Friendship Hospital;Gaza City;30-10-2023;;
73;Order of evacuation;Evacuation order;Al Quds Hospital;Gaza City;30-10-2023;;
74;Order of evacuation;Evacuation order;Al Shifa Medical Hospital;Gaza City;30-10-2023;;
75;Order of evacuation;Evacuation order;Kamal Adwan Hospital;Gaza North;30-10-2023;;
76;Order of evacuation;Evacuation order;Al Awda Hospital-North;Gaza North;30-10-2023;;
77;Order of evacuation;Evacuation order;Al Sahaba Hospital;Gaza City;30-10-2023;;
78;Order of evacuation;Evacuation order;Al Ahli Arab Hospital;Gaza City;30-10-2023;;
79;Order of evacuation;Evacuation order;Psychiatric Hospital;Gaza City;30-10-2023;;
80;Order of evacuation;Evacuation order;Al-Ranteesi Al-Naser Paediatric Hospital;Gaza City;30-10-2023;;
81;Order of evacuation;Evacuation order;Turkish Friendship Hospital;Gaza City;30-10-2023;;
82;Order of evacuation;Evacuation order;Not specified;Gaza City;30-10-2023;;
83;Order of evacuation;Evacuation order;Not specified;Gaza City;30-10-2023;;
84;Order of evacuation;Evacuation order;Not specified;Gaza City;30-10-2023;;
85;Shelling;Violence with heavy weapons, fire or chemical agent;Nasser Hospital;Khan Younis;30-10-2023;;
86;Shelling;Violence with heavy weapons, fire or chemical agent;Al Quds Hospital;Gaza City;30-10-2023;;
87;Shelling;Violence with heavy weapons, fire or chemical agent;Turkish Friendship Hospital;Gaza City;30-10-2023;;
88;Airstrike;Violence with heavy weapons, fire or chemical agent;Turkish Friendship Hospital;Gaza City;31-10-2023;;
89;Delivery impossible due to insecurity;Obstruction to healthcare delivery;Al Aqsa Hospital;Deir al Balah;31-10-2023;;
90;Delivery impossible due to insecurity;Obstruction to healthcare delivery;Al Shifa Medical Hospital;Gaza City;31-10-2023;;
91;Bomb;Violence with heavy weapons, fire or chemical agent;Ophtalmic Hospital;Gaza City;01-11-2023;;
92;Shelling;Violence with heavy weapons, fire or chemical agent;Al Helou International Hospital;Gaza City;01-11-2023;13-11-2023;
93;Airstrike;Violence with heavy weapons, fire or chemical agent;Turkish Friendship Hospital;Gaza City;01-11-2023;01-11-2023;
94;Lack of fuel;Obstruction to healthcare delivery;Turkish Friendship Hospital;Gaza City;01-11-2023;;
95;Lack of fuel;Obstruction to healthcare delivery;Indonesian Hospital;Gaza North;02-11-2023;;
96;Airstrike;Violence with heavy weapons, fire or chemical agent;Al Quds Hospital;Gaza City;03-11-2023;;
97;Airstrike;Violence with heavy weapons, fire or chemical agent;Indonesian Hospital;Gaza North;03-11-2023;;
98;Airstrike;Violence with heavy weapons, fire or chemical agent;Al-Ranteesi Al-Naser Paediatric Hospital;Gaza City;04-11-2023;;
99;Bomb;Violence with heavy weapons, fire or chemical agent;Al Quds Hospital;Gaza City;04-11-2023;;
100;Artillery;Violence with heavy weapons, fire or chemical agent;Al Quds Hospital;Gaza City;05-11-2023;;
101;Airstrike;Violence with heavy weapons, fire or chemical agent;Al Quds Hospital;Gaza City;05-11-2023;12-11-2023;21-03-2025
102;Airstrike;Violence with heavy weapons, fire or chemical agent;Al-Ranteesi Al-Naser Paediatric Hospital;Gaza City;05-11-2023;;
103;Airstrike;Violence with heavy weapons, fire or chemical agent;Psychiatric Hospital;Gaza City;05-11-2023;05-11-2023;
104;Strike;Violence with heavy weapons, fire or chemical agent;Ophtalmic Hospital;Gaza City;05-11-2023;;
105;Threat;Violence against individuals;Al-Rantisi Specialized Hospital;Gaza City;05-11-2023;;
106;Order of evacuation;Evacuation order;Al-Rantisi Specialized Hospital;Gaza City;05-11-2023;;
107;Airstrike;Violence with heavy weapons, fire or chemical agent;Al-Ranteesi Al-Naser Paediatric Hospital;Gaza City;06-11-2023;;
108;Airstrike;Violence with heavy weapons, fire or chemical agent;Not specified;Gaza City;06-11-2023;;
109;Airstrike;Violence with heavy weapons, fire or chemical agent;Al Shifa Medical Hospital;Gaza City;06-11-2023;;
110;Military base;Siege, occupation of the facility or use as a military base;Sheik Hamad Hospital for Rehabilitation and Prosthetics;Gaza City;06-11-2023;;
111;Lack of fuel;Obstruction to healthcare delivery;Indonesian Hospital;Gaza North;06-11-2023;;
112;Strike;Violence with heavy weapons, fire or chemical agent;Indonesian Hospital;Gaza North;07-11-2023;;
113;Strike;Violence with heavy weapons, fire or chemical agent;Kamal Adwan Hospital;Gaza North;07-11-2023;13-11-2023;21-11-2023
114;Airstrike;Violence with heavy weapons, fire or chemical agent;Al Shifa Medical Hospital;Gaza City;08-11-2023;;
115;Airstrike;Violence with heavy weapons, fire or chemical agent;Nasser Hospital;Khan Younis;08-11-2023;09-11-2023;29-11-2023
116;Strike;Violence with heavy weapons, fire or chemical agent;Al Quds Hospital;Gaza City;08-11-2023;;
117;Shelling;Violence with heavy weapons, fire or chemical agent;Al-Ranteesi Al-Naser Paediatric Hospital;Gaza City;08-11-2023;;
118;Lack of fuel/medical supply;Obstruction to healthcare delivery;Al Quds Hospital;Gaza City;08-11-2023;;
119;Shelling;Violence with heavy weapons, fire or chemical agent;Patient Friends Association Hospital;Gaza City;09-11-2023;13-11-2023;30-12-2023
120;Airstrike;Violence with heavy weapons, fire or chemical agent;Al Shifa Medical Hospital;Gaza City;09-11-2023;;
121;Airstrike;Violence with heavy weapons, fire or chemical agent;Al-Ranteesi Al-Naser Paediatric Hospital;Gaza City;09-11-2023;;
122;Airstrike;Violence with heavy weapons, fire or chemical agent;Al Shifa Medical Hospital;Gaza City;10-11-2023;;
123;Lack of fuel;Obstruction to healthcare delivery;Al Shifa Medical Hospital;Gaza City;10-11-2023;;
124;Siege;Siege, occupation of the facility or use as a military base;Al-Ranteesi Al-Naser Paediatric Hospital;Gaza City;10-11-2023;;
125;Order of evacuation;Evacuation order;Al-Ranteesi Al-Naser Paediatric Hospital;Gaza City;10-11-2023;09-11-2023;01-01-2025
126;Siege;Siege, occupation of the facility or use as a military base;Ophtalmic Hospital;Gaza City;10-11-2023;13-11-2023;07-01-2025
127;Bomb;Violence with heavy weapons, fire or chemical agent;Al Quds Hospital;Gaza City;10-11-2023;;
128;Siege;Siege, occupation of the facility or use as a military base;Psychiatric Hospital;Gaza City;10-11-2023;;
129;Sniper;Violence against individuals;Al Quds Hospital;Gaza City;10-11-2023;;
130;Siege;Siege, occupation of the facility or use as a military base;Al Shifa Medical Hospital;Gaza City;10-11-2023;;
131;Sniper;Violence against individuals;Al Shifa Medical Hospital;Gaza City;11-11-2023;;
132;Firearm;Violence against individuals;Al Quds Hospital;Gaza City;11-11-2023;;
133;Firearm;Violence against individuals;Al Shifa Medical Hospital;Gaza City;11-11-2023;;
134;Bomb;Violence with heavy weapons, fire or chemical agent;Al Shifa Medical Hospital;Gaza City;11-11-2023;;
135;Lack of fuel/medical supply;Obstruction to healthcare delivery;Al Shifa Medical Hospital;Gaza City;11-11-2023;13-11-2023;27-11-2023
136;Siege;Siege, occupation of the facility or use as a military base;Al Quds Hospital;Gaza City;11-11-2023;;
137;Artillery;Violence with heavy weapons, fire or chemical agent;Al Quds Hospital;Gaza City;11-11-2023;;
138;Lack of fuel;Obstruction to healthcare delivery;Indonesian Hospital;Gaza North;11-11-2023;12-11-2023;24-11-2023
139;Airstrike;Violence with heavy weapons, fire or chemical agent;Al Mahdi Hospital Gaza City;Gaza City;12-11-2023;;
140;Inaccessible due to insecurity;Obstruction to healthcare delivery;Al Quds Hospital;Gaza City;13-11-2023;;
141;Lack of fuel;Obstruction to healthcare delivery;Al Amal Hospital;Khan Younis;13-11-2023;;
142;Occupation of facility;Siege, occupation of the facility or use as a military base;Al Shifa Medical Hospital;Gaza City;15-11-2023;;
143;Search;Violence against individuals;Al Shifa Medical Hospital;Gaza City;15-11-2023;;
144;Interrogation;Violence against individuals;Al Shifa Medical Hospital;Gaza City;15-11-2023;;
145;Shelling;Violence with heavy weapons, fire or chemical agent;Jordanian field Hospital;Gaza City;15-11-2023;14-11-2023;
146;Bulldozer;Violence with heavy weapons, fire or chemical agent;Al Shifa Medical Hospital;Gaza City;16-11-2023;;
147;Siege;Siege, occupation of the facility or use as a military base;Al Ahli Arab Hospital;Gaza City;16-11-2023;;
148;Bomb;Violence with heavy weapons, fire or chemical agent;Wafa Geriatric Hospital;Gaza City;17-11-2023;;
149;Order of evacuation;Evacuation order;Al Shifa Medical Hospital;Gaza City;18-11-2023;;
150;Search;Violence against individuals;Al Shifa Medical Hospital;Gaza City;19-11-2023;;
151;Interrogation;Violence against individuals;Al Shifa Medical Hospital;Gaza City;19-11-2023;;
152;Arrestation;Violence against individuals;Al Shifa Medical Hospital;Gaza City;19-11-2023;;
153;Hit;Violence with heavy weapons, fire or chemical agent;Indonesian Hospital;Gaza North;20-11-2023;;
154;Artillery;Violence with heavy weapons, fire or chemical agent;Indonesian Hospital;Gaza North;20-11-2023;;
155;Siege;Siege, occupation of the facility or use as a military base;Indonesian Hospital;Gaza North;20-11-2023;;
156;Airstrike;Violence with heavy weapons, fire or chemical agent;Al Awda Hospital-North;Gaza North;21-11-2023;21-11-2023;24-11-2023
157;Order of evacuation;Evacuation order;Indonesian Hospital;Gaza North;21-11-2023;;
158;Strike;Violence with heavy weapons, fire or chemical agent;Indonesian Hospital;Gaza North;21-11-2023;;
159;Lack of fuel;Obstruction to healthcare delivery;Kamal Adwan Hospital;Gaza North;22-11-2023;;
160;Arrestation;Violence against individuals;Indonesian Hospital;Gaza North;23-11-2023;;
161;Hit;Violence with heavy weapons, fire or chemical agent;Indonesian Hospital;Gaza North;23-11-2023;;
162;Raid;Siege, occupation of the facility or use as a military base;Indonesian Hospital;Gaza North;23-11-2023;19-12-2023;04-05-2024
163;Raid;Siege, occupation of the facility or use as a military base;Noura Al-Kaabi;Gaza North;29-11-2023;;
164;Bomb;Violence with heavy weapons, fire or chemical agent;Al Awda Hospital-North;Gaza North;01-12-2023;;
165;Lack of fuel;Obstruction to healthcare delivery;Al Awda Hospital-Nuseirat;Deir al Balah;02-12-2023;;
166;Airstrike;Violence with heavy weapons, fire or chemical agent;Kamal Adwan Hospital;Gaza North;03-12-2023;;
167;Airstrike;Violence with heavy weapons, fire or chemical agent;Kamal Adwan Hospital;Gaza North;03-12-2023;;
168;Airstrike;Violence with heavy weapons, fire or chemical agent;Al Awda Hospital-North;Gaza North;03-12-2023;;
169;Siege;Siege, occupation of the facility or use as a military base;Al Awda Hospital-North;Gaza North;05-12-2023;;
170;Sniper;Violence against individuals;Al Awda Hospital-North;Gaza North;05-12-2023;;
171;Siege;Siege, occupation of the facility or use as a military base;Kamal Adwan Hospital;Gaza North;05-12-2023;06-12-2023;15-01-2024
172;Artillery;Violence with heavy weapons, fire or chemical agent;Kamal Adwan Hospital;Gaza North;05-12-2023;;
173;Lack of fuel;Obstruction to healthcare delivery;Tal Al-Sultan Maternity hospital;Rafah;05-12-2023;;
174;Bomb;Violence with heavy weapons, fire or chemical agent;Al Awda Hospital-North;Gaza North;06-12-2023;;
175;Sniper;Violence against individuals;Al Awda Hospital-North;Gaza North;06-12-2023;;
176;Shelling;Violence with heavy weapons, fire or chemical agent;Al Awda Hospital-North;Gaza North;07-12-2023;;
177;Bomb;Violence with heavy weapons, fire or chemical agent;Kamal Adwan Hospital;Gaza North;07-12-2023;;
178;Sniper;Violence against individuals;Al Awda Hospital-North;Gaza North;07-12-2023;;
179;Airstrike;Violence with heavy weapons, fire or chemical agent;Al Yamas As Saeed Hospital;Gaza North;07-12-2023;;
180;Siege;Siege, occupation of the facility or use as a military base;Al Awda Hospital-North;Gaza North;07-12-2023;;
181;Shelling;Violence with heavy weapons, fire or chemical agent;Al Yamas As Saeed Hospital;Gaza North;08-12-2023;;
182;Airstrike;Violence with heavy weapons, fire or chemical agent;Yaffa Hospital;Deir al Balah;08-12-2023;08-12-2023;08-01-2025
183;Lack of fuel/medical supply;Obstruction to healthcare delivery;European Hospital;Khan Younis;08-12-2023;;
184;Sniper;Violence against individuals;Al Awda Hospital-North;Gaza North;08-12-2023;;
185;Sniper;Violence against individuals;Al Awda Hospital-North;Gaza North;08-12-2023;;
186;Shelling;Violence with heavy weapons, fire or chemical agent;Al Amal Hospital;Khan Younis;08-12-2023;;
187;delayed access to care due to insecurity;Obstruction to healthcare delivery;Al Amal Hospital;Khan Younis;08-12-2023;;
188;delayed access to care due to insecurity;Obstruction to healthcare delivery;European Hospital;Khan Younis;08-12-2023;;
189;Firearm;Violence against individuals;Al Awda Hospital-North;Gaza North;09-12-2023;;
190;delayed access to care due to insecurity;Obstruction to healthcare delivery;Al Amal Hospital;Khan Younis;09-12-2023;;
191;delayed access to care due to insecurity;Obstruction to healthcare delivery;European Hospital;Khan Younis;09-12-2023;;
192;Hit;Violence with heavy weapons, fire or chemical agent;Al Awda Hospital-North;Gaza North;09-12-2023;;
193;Shelling;Violence with heavy weapons, fire or chemical agent;Jordanian field Hospital;Khan Younis;09-12-2023;;
194;Artillery;Violence with heavy weapons, fire or chemical agent;Al Yamas As Saeed Hospital;Gaza North;09-12-2023;;
195;Shelling;Violence with heavy weapons, fire or chemical agent;Nasser Hospital;Khan Younis;09-12-2023;;
196;Firearm;Violence against individuals;Al Yamas As Saeed Hospital;Gaza North;09-12-2023;;
197;Setting fire;Violence with heavy weapons, fire or chemical agent;Al Yamas As Saeed Hospital;Gaza North;09-12-2023;;
198;delayed access to care due to insecurity;Obstruction to healthcare delivery;European Hospital;Khan Younis;09-12-2023;;
199;Siege;Siege, occupation of the facility or use as a military base;Kamal Adwan Hospital;Gaza North;09-12-2023;;
200;delayed access to care due to insecurity;Obstruction to healthcare delivery;Al Aqsa Hospital;Deir al Balah;10-12-2023;;
201;delayed access to care due to insecurity;Obstruction to healthcare delivery;Al Amal Hospital;Khan Younis;10-12-2023;;
202;Shelling;Violence with heavy weapons, fire or chemical agent;Kamal Adwan Hospital;Gaza North;11-12-2023;;
203;delayed access to care due to insecurity;Obstruction to healthcare delivery;Al Aqsa Hospital;Deir al Balah;11-12-2023;;
204;delayed access to care due to insecurity;Obstruction to healthcare delivery;Al Amal Hospital;Khan Younis;11-12-2023;;
205;delayed access to care due to insecurity;Obstruction to healthcare delivery;Nasser Hospital;Khan Younis;11-12-2023;;
206;delayed access to care due to insecurity;Obstruction to healthcare delivery;Al Amal Hospital;Khan Younis;11-12-2023;;
207;Raid;Siege, occupation of the facility or use as a military base;Kamal Adwan Hospital;Gaza North;12-12-2023;;
208;delayed access to care due to insecurity;Obstruction to healthcare delivery;Nasser Hospital;Khan Younis;12-12-2023;;
209;delayed access to care due to insecurity;Obstruction to healthcare delivery;Al Amal Hospital;Khan Younis;12-12-2023;;
210;Lack of fuel/medical supply;Obstruction to healthcare delivery;Al Awda Hospital-North;Gaza North;12-12-2023;11-12-2023;27-12-2023
211;Interrogation;Violence against individuals;Kamal Adwan Hospital;Gaza North;12-12-2023;;
212;Physical abuse;Violence against individuals;Kamal Adwan Hospital;Gaza North;12-12-2023;;
213;Arrestation;Violence against individuals;Kamal Adwan Hospital;Gaza North;12-12-2023;;
214;Order of evacuation;Evacuation order;Kamal Adwan Hospital;Gaza North;12-12-2023;;
215;Firearm;Violence against individuals;Kamal Adwan Hospital;Gaza North;13-12-2023;;
216;delayed access to care due to insecurity;Obstruction to healthcare delivery;Nasser Hospital;Khan Younis;13-12-2023;;
217;Denial of access to care;Obstruction to healthcare delivery;Kamal Adwan Hospital;Gaza North;14-12-2023;;
218;Bulldozer;Violence with heavy weapons, fire or chemical agent;Kamal Adwan Hospital;Gaza North;14-12-2023;;
219;Setting fire;Violence with heavy weapons, fire or chemical agent;Kamal Adwan Hospital;Gaza North;14-12-2023;;
220;Arrestation;Violence against individuals;Kamal Adwan Hospital;Gaza North;14-12-2023;;
221;Shelling;Violence with heavy weapons, fire or chemical agent;Al Ahli Arab Hospital;Gaza City;14-12-2023;;
222;Bulldozer;Violence with heavy weapons, fire or chemical agent;Kamal Adwan Hospital;Gaza North;16-12-2023;;
223;Lack of fuel/medical supply;Obstruction to healthcare delivery;Al Awda Hospital-North;Gaza North;16-12-2023;;
224;Hit;Violence with heavy weapons, fire or chemical agent;Al Awda Hospital-North;Gaza North;16-12-2023;;
225;Firearm;Violence against individuals;Al Shifa Medical Hospital;Gaza City;17-12-2023;;
226;Occupation of facility;Siege, occupation of the facility or use as a military base;Al Awda Hospital-North;Gaza North;17-12-2023;;
227;Psychological abuse;Violence against individuals;Al Awda Hospital-North;Gaza North;17-12-2023;;
228;Arrestation;Violence against individuals;Al Awda Hospital-North;Gaza North;17-12-2023;;
229;Interrogation;Violence against individuals;Al Awda Hospital-North;Gaza North;17-12-2023;;
230;Physical abuse;Violence against individuals;Al Awda Hospital-North;Gaza North;17-12-2023;;
231;Shelling;Violence with heavy weapons, fire or chemical agent;Nasser Hospital;Khan Younis;17-12-2023;;
232;Raid;Siege, occupation of the facility or use as a military base;Al Ahli Arab Hospital;Gaza City;18-12-2023;18-12-2023;27-12-2023
233;Order of evacuation;Evacuation order;Al Ahli Arab Hospital;Gaza City;18-12-2023;;
234;Arrestation;Violence against individuals;Al Ahli Arab Hospital;Gaza City;18-12-2023;;
235;Raid;Siege, occupation of the facility or use as a military base;Al Shifa Medical Hospital;Gaza City;18-12-2023;;
236;Shelling;Violence with heavy weapons, fire or chemical agent;Al Shifa Medical Hospital;Gaza City;18-12-2023;;
237;Airstrike;Violence with heavy weapons, fire or chemical agent;Al Shifa Medical Hospital;Gaza City;18-12-2023;;
238;Hit;Violence with heavy weapons, fire or chemical agent;Al Ahli Arab Hospital;Gaza City;18-12-2023;;
239;Not specified;Not specified;Nasser Hospital;Khan Younis;18-12-2023;;
240;Arrestation;Violence against individuals;Al Shifa Medical Hospital;Gaza City;19-12-2023;;
241;Lack of fuel/medical supply;Obstruction to healthcare delivery;Al Awda Hospital-North;Gaza North;19-12-2023;;
242;Arrestation;Violence against individuals;Al Shifa Medical Hospital;Gaza City;19-12-2023;;
243;Bomb;Violence with heavy weapons, fire or chemical agent;Al Aqsa Hospital;Deir al Balah;20-12-2023;;
244;Artillery;Violence with heavy weapons, fire or chemical agent;Nasser Hospital;Khan Younis;20-12-2023;;
245;Inaccessible due to insecurity;Obstruction to healthcare delivery;Al Ahli Arab Hospital;Gaza City;21-12-2023;;
246;Shelling;Violence with heavy weapons, fire or chemical agent;Al Amal Hospital;Khan Younis;21-12-2023;;
247;Inaccessible due to insecurity;Obstruction to healthcare delivery;Al Awda Hospital-North;Gaza North;21-12-2023;;
248;Sniper;Violence against individuals;Al Awda Hospital-North;Gaza North;21-12-2023;;
249;Inaccessible due to insecurity;Obstruction to healthcare delivery;Al Shifa Medical Hospital;Gaza City;21-12-2023;;
250;Inaccessible due to insecurity;Obstruction to healthcare delivery;Al Sahaba Hospital;Gaza City;21-12-2023;11-12-2023;19-12-2023
251;Hit;Violence with heavy weapons, fire or chemical agent;Al-Khair Hospital;Khan Younis;25-12-2023;;
252;Search;Violence against individuals;Al Quds Hospital;Gaza City;27-12-2023;;
253;Bomb;Violence with heavy weapons, fire or chemical agent;Al Amal Hospital;Khan Younis;02-01-2024;;
254;Strike;Violence with heavy weapons, fire or chemical agent;Al Amal Hospital;Khan Younis;04-01-2024;;
255;Firearm;Violence against individuals;Al Aqsa Hospital;Deir al Balah;05-01-2024;;
256;Shelling;Violence with heavy weapons, fire or chemical agent;Al Amal Hospital;Khan Younis;06-01-2024;;
257;Sniper;Violence against individuals;Al Amal Hospital;Khan Younis;06-01-2024;;
258;delayed access to care due to insecurity;Obstruction to healthcare delivery;Al Aqsa Hospital;Deir al Balah;07-01-2024;;
259;Artillery;Violence with heavy weapons, fire or chemical agent;Al Aqsa Hospital;Deir al Balah;07-01-2024;;
260;Denial of delivery;Obstruction to healthcare delivery;Al Awda Hospital-North;Gaza North;07-01-2024;;
261;Order of evacuation;Evacuation order;Al Aqsa Hospital;Deir al Balah;07-01-2024;;
262;Strike;Violence with heavy weapons, fire or chemical agent;European Hospital;Khan Younis;08-01-2024;;
263;Denial of delivery;Obstruction to healthcare delivery;Al Awda Hospital-North;Gaza North;08-01-2024;;
264;Airstrike;Violence with heavy weapons, fire or chemical agent;Al Aqsa Hospital;Deir al Balah;10-01-2024;;
265;Lack of fuel;Obstruction to healthcare delivery;Al Aqsa Hospital;Deir al Balah;12-01-2024;;
266;Sniper;Violence against individuals;Al Shifa Medical Hospital;Gaza City;13-01-2024;;
267;delayed access to care due to insecurity;Obstruction to healthcare delivery;Nasser Hospital;Khan Younis;15-01-2024;;
268;Shelling;Violence with heavy weapons, fire or chemical agent;Al Amal Hospital;Khan Younis;16-01-2024;;
269;Shelling;Violence with heavy weapons, fire or chemical agent;Nasser Hospital;Khan Younis;16-01-2024;;
270;Denial of access to care;Obstruction to healthcare delivery;Al Quds Hospital;Gaza City;16-01-2024;;
271;Threat;Violence against individuals;Al Quds Hospital;Gaza City;16-01-2024;;
272;Shelling;Violence with heavy weapons, fire or chemical agent;Jordanian field Hospital;Khan Younis;17-01-2024;;
273;Firearm;Violence against individuals;Al Amal Hospital;Khan Younis;19-01-2024;;
274;Inaccessible due to insecurity;Obstruction to healthcare delivery;Al-Khair Hospital;Khan Younis;22-01-2024;;
275;Order of evacuation;Evacuation order;Al-Khair Hospital;Khan Younis;22-01-2024;;
276;Arrestation;Violence against individuals;Al-Khair Hospital;Khan Younis;22-01-2024;;
277;Raid;Siege, occupation of the facility or use as a military base;Al-Khair Hospital;Khan Younis;22-01-2024;;
278;Siege;Siege, occupation of the facility or use as a military base;Al Amal Hospital;Khan Younis;22-01-2024;;
279;Order of evacuation;Evacuation order;Al Amal Hospital;Khan Younis;23-01-2024;;
280;Inaccessible due to insecurity;Obstruction to healthcare delivery;Nasser Hospital;Khan Younis;23-01-2024;;
281;Order of evacuation;Evacuation order;Nasser Hospital;Khan Younis;23-01-2024;25-01-2024;14-06-2024
282;Order of evacuation;Evacuation order;Jordanian field Hospital;Khan Younis;23-01-2024;;
283;Siege;Siege, occupation of the facility or use as a military base;Nasser Hospital;Khan Younis;23-01-2024;;
284;Shelling;Violence with heavy weapons, fire or chemical agent;Al Amal Hospital;Khan Younis;23-01-2024;;
285;Siege;Siege, occupation of the facility or use as a military base;Al-Khair Hospital;Khan Younis;24-01-2024;25-01-2024;14-06-2024
286;Artillery;Violence with heavy weapons, fire or chemical agent;Nasser Hospital;Khan Younis;25-01-2024;;
287;Shelling;Violence with heavy weapons, fire or chemical agent;Nasser Hospital;Khan Younis;25-01-2024;;
288;Lack of fuel/medical supply;Obstruction to healthcare delivery;Nasser Hospital;Khan Younis;25-01-2024;;
289;Shelling;Violence with heavy weapons, fire or chemical agent;Al Amal Hospital;Khan Younis;26-01-2024;;
290;Lack of fuel;Obstruction to healthcare delivery;Nasser Hospital;Khan Younis;26-01-2024;;
291;Artillery;Violence with heavy weapons, fire or chemical agent;Nasser Hospital;Khan Younis;26-01-2024;;
292;Order of evacuation;Evacuation order;Nasser Hospital;Khan Younis;26-01-2024;;
293;delayed access to care due to insecurity;Obstruction to healthcare delivery;European Hospital;Khan Younis;26-01-2024;;
294;Firearm;Violence against individuals;Al Amal Hospital;Khan Younis;28-01-2024;;
295;delayed access to care due to insecurity;Obstruction to healthcare delivery;Al Amal Hospital;Khan Younis;29-01-2024;;
296;Lack of fuel/medical supply;Obstruction to healthcare delivery;Al Amal Hospital;Khan Younis;29-01-2024;;
297;Siege;Siege, occupation of the facility or use as a military base;Al Shifa Medical Hospital;Gaza City;29-01-2024;;
298;Airstrike;Violence with heavy weapons, fire or chemical agent;Al Shifa Medical Hospital;Gaza City;29-01-2024;;
299;Shelling;Violence with heavy weapons, fire or chemical agent;Al Shifa Medical Hospital;Gaza City;29-01-2024;;
300;Airstrike;Violence with heavy weapons, fire or chemical agent;Al Awda Hospital-North;Gaza North;29-01-2024;;
301;Raid;Siege, occupation of the facility or use as a military base;Al Amal Hospital;Khan Younis;30-01-2024;;
302;Order of evacuation;Evacuation order;Al Amal Hospital;Khan Younis;30-01-2024;;
303;Firearm;Violence against individuals;Al Amal Hospital;Khan Younis;30-01-2024;;
304;Shelling;Violence with heavy weapons, fire or chemical agent;Al Amal Hospital;Khan Younis;30-01-2024;;
305;Bomb;Violence with heavy weapons, fire or chemical agent;Al Awda Hospital-North;Gaza North;30-01-2024;;
306;Raid;Siege, occupation of the facility or use as a military base;Al Amal Hospital;Khan Younis;31-01-2024;;
307;Firearm;Violence against individuals;Al Amal Hospital;Khan Younis;31-01-2024;;
308;Bomb;Violence with heavy weapons, fire or chemical agent;Al Awda Hospital-North;Gaza North;31-01-2024;;
309;Firearm;Violence against individuals;Al Awda Hospital-North;Gaza North;31-01-2024;;
310;Firearm;Violence against individuals;Al Amal Hospital;Khan Younis;31-01-2024;;
311;Inaccessible due to insecurity;Obstruction to healthcare delivery;Al Amal Hospital;Khan Younis;31-01-2024;;
312;Lack of fuel/medical supply;Obstruction to healthcare delivery;Al Shifa Medical Hospital;Gaza City;31-01-2024;;
313;Raid;Siege, occupation of the facility or use as a military base;Al Shifa Medical Hospital;Gaza City;31-01-2024;;
314;Firearm;Violence against individuals;Al Amal Hospital;Khan Younis;01-02-2024;;
315;Raid;Siege, occupation of the facility or use as a military base;Al Amal Hospital;Khan Younis;01-02-2024;;
316;Shelling;Violence with heavy weapons, fire or chemical agent;Al Amal Hospital;Khan Younis;02-02-2024;;
317;Airstrike;Violence with heavy weapons, fire or chemical agent;European Hospital;Khan Younis;03-02-2024;;
318;Interrogation;Violence against individuals;Al Amal Hospital;Khan Younis;05-02-2024;;
319;Firearm;Violence against individuals;Al Amal Hospital;Khan Younis;05-02-2024;;
320;Arrestation;Violence against individuals;Al Amal Hospital;Khan Younis;05-02-2024;;
321;Shelling;Violence with heavy weapons, fire or chemical agent;Al Amal Hospital;Khan Younis;06-02-2024;;
322;Artillery;Violence with heavy weapons, fire or chemical agent;Al Amal Hospital;Khan Younis;07-02-2024;;
323;Lack of fuel/medical supply;Obstruction to healthcare delivery;Al Amal Hospital;Khan Younis;07-02-2024;;
324;Sniper;Violence against individuals;Nasser Hospital;Khan Younis;07-02-2024;;
325;Airstrike;Violence with heavy weapons, fire or chemical agent;Al Shifa Medical Hospital;Gaza City;08-02-2024;;
326;Denial of access to care;Obstruction to healthcare delivery;Nasser Hospital;Khan Younis;08-02-2024;;
327;Sniper;Violence against individuals;Nasser Hospital;Khan Younis;08-02-2024;;
328;Artillery;Violence with heavy weapons, fire or chemical agent;Al Amal Hospital;Khan Younis;08-02-2024;;
329;Firearm;Violence against individuals;Nasser Hospital;Khan Younis;08-02-2024;;
330;Firearm;Violence against individuals;Nasser Hospital;Khan Younis;08-02-2024;;
331;Raid;Siege, occupation of the facility or use as a military base;Al Amal Hospital;Khan Younis;09-02-2024;;
332;Denial of delivery;Obstruction to healthcare delivery;Nasser Hospital;Khan Younis;09-02-2024;;
333;Arrestation;Violence against individuals;Al Amal Hospital;Khan Younis;09-02-2024;;
334;Physical abuse;Violence against individuals;Al Amal Hospital;Khan Younis;09-02-2024;;
335;Firearm;Violence against individuals;Nasser Hospital;Khan Younis;10-02-2024;;
336;Firearm;Violence against individuals;Nasser Hospital;Khan Younis;10-02-2024;;
337;Sniper;Violence against individuals;Nasser Hospital;Khan Younis;11-02-2024;;
338;Not specified;Not specified;Al Amal Hospital;Khan Younis;11-02-2024;;
339;Airstrike;Violence with heavy weapons, fire or chemical agent;Al Amal Hospital;Khan Younis;11-02-2024;;
340;Sniper;Violence against individuals;Nasser Hospital;Khan Younis;11-02-2024;;
341;Sniper;Violence against individuals;Nasser Hospital;Khan Younis;12-02-2024;;
342;Airstrike;Violence with heavy weapons, fire or chemical agent;Nasser Hospital;Khan Younis;12-02-2024;;
343;Threat;Violence against individuals;Nasser Hospital;Khan Younis;12-02-2024;;
344;Shelling;Violence with heavy weapons, fire or chemical agent;Nasser Hospital;Khan Younis;12-02-2024;;
345;Denial of delivery;Obstruction to healthcare delivery;Nasser Hospital;Khan Younis;12-02-2024;;
346;Not specified;Not specified;Nasser Hospital;Khan Younis;13-02-2024;;
347;Order of evacuation;Evacuation order;Nasser Hospital;Khan Younis;13-02-2024;;
348;Not specified;Violence with heavy weapons, fire or chemical agent;Patient Friends Association Hospital;Gaza City;13-02-2024;13-02-2024;21-06-2024
349;Setting fire;Violence with heavy weapons, fire or chemical agent;Nasser Hospital;Khan Younis;13-02-2024;;
350;Sniper;Violence against individuals;Nasser Hospital;Khan Younis;13-02-2024;;
351;Order of evacuation;Evacuation order;Nasser Hospital;Khan Younis;14-02-2024;;
352;Hit;Violence with heavy weapons, fire or chemical agent;Nasser Hospital;Khan Younis;14-02-2024;;
353;Hit;Violence with heavy weapons, fire or chemical agent;Nasser Hospital;Khan Younis;14-02-2024;;
354;Denial of delivery;Obstruction to healthcare delivery;Nasser Hospital;Khan Younis;14-02-2024;;
355;Shelling;Violence with heavy weapons, fire or chemical agent;Al Amal Hospital;Khan Younis;14-02-2024;13-02-2024;14-02-2024
356;Arrestation;Violence against individuals;Nasser Hospital;Khan Younis;15-02-2024;;
357;Occupation of facility;Siege, occupation of the facility or use as a military base;Nasser Hospital;Khan Younis;15-02-2024;;
358;Shelling;Violence with heavy weapons, fire or chemical agent;Al Amal Hospital;Khan Younis;15-02-2024;;
359;Shelling;Violence with heavy weapons, fire or chemical agent;Nasser Hospital;Khan Younis;15-02-2024;;
360;Lack of fuel/medical supply;Obstruction to healthcare delivery;Nasser Hospital;Khan Younis;15-02-2024;;
361;Denial of delivery;Obstruction to healthcare delivery;Nasser Hospital;Khan Younis;16-02-2024;;
362;Hit;Violence with heavy weapons, fire or chemical agent;Al Amal Hospital;Khan Younis;16-02-2024;;
363;Denial of delivery;Obstruction to healthcare delivery;Nasser Hospital;Khan Younis;17-02-2024;;
364;Artillery;Violence with heavy weapons, fire or chemical agent;Al Amal Hospital;Khan Younis;18-02-2024;18-02-2024;25-02-2024
365;Military base;Siege, occupation of the facility or use as a military base;Nasser Hospital;Khan Younis;18-02-2024;;
366;Shelling;Violence with heavy weapons, fire or chemical agent;Al Amal Hospital;Khan Younis;19-02-2024;;
367;Hit;Violence with heavy weapons, fire or chemical agent;Al Amal Hospital;Khan Younis;19-02-2024;;
368;Denial of delivery;Obstruction to healthcare delivery;Al Amal Hospital;Khan Younis;19-02-2024;;
369;Artillery;Violence with heavy weapons, fire or chemical agent;Al Amal Hospital;Khan Younis;20-02-2024;;
370;Military base;Siege, occupation of the facility or use as a military base;Turkish Friendship Hospital;Gaza City;22-02-2024;;
371;Airstrike;Violence with heavy weapons, fire or chemical agent;Al Aqsa Hospital;Deir al Balah;22-02-2024;28-02-2024;04-03-2024
372;Lack of fuel;Obstruction to healthcare delivery;Kamal Adwan Hospital;Gaza North;28-02-2024;28-02-2024;04-03-2024
373;Lack of fuel/medical supply;Obstruction to healthcare delivery;Al Awda Hospital-North;Gaza North;28-02-2024;;04-03-2024
374;Setting fire;Violence with heavy weapons, fire or chemical agent;Nasser Hospital;Khan Younis;28-02-2024;27-02-2024;03-05-2024
375;Airstrike;Violence with heavy weapons, fire or chemical agent;Al Ahli Arab Hospital;Gaza City;13-03-2024;;
376;Arrestation;Violence against individuals;Al Shifa Medical Hospital;Gaza City;18-03-2024;;
377;Occupation of facility;Siege, occupation of the facility or use as a military base;Al Shifa Medical Hospital;Gaza City;18-03-2024;;
378;Bomb;Violence with heavy weapons, fire or chemical agent;Al Shifa Medical Hospital;Gaza City;18-03-2024;;
379;Siege;Siege, occupation of the facility or use as a military base;Al Shifa Medical Hospital;Gaza City;18-03-2024;;
380;Sniper;Violence against individuals;Al Shifa Medical Hospital;Gaza City;18-03-2024;;
381;Order of evacuation;Evacuation order;Al Shifa Medical Hospital;Gaza City;18-03-2024;;
382;Setting fire;Violence with heavy weapons, fire or chemical agent;Al Shifa Medical Hospital;Gaza City;18-03-2024;;
383;Denial of delivery;Obstruction to healthcare delivery;Al Shifa Medical Hospital;Gaza City;18-03-2024;;
384;Denial of access to care;Obstruction to healthcare delivery;Al Shifa Medical Hospital;Gaza City;20-03-2024;;
385;Lack of fuel;Obstruction to healthcare delivery;Al Aqsa Hospital;Deir al Balah;20-03-2024;;
386;Inaccessible due to insecurity;Obstruction to healthcare delivery;Al Shifa Medical Hospital;Gaza City;21-03-2024;;
387;Threat;Violence against individuals;Al Shifa Medical Hospital;Gaza City;21-03-2024;;
388;Bulldozer;Violence with heavy weapons, fire or chemical agent;Al Shifa Medical Hospital;Gaza City;22-03-2024;;
389;Setting fire;Violence with heavy weapons, fire or chemical agent;Al Shifa Medical Hospital;Gaza City;22-03-2024;;
390;Physical abuse;Violence against individuals;Al Shifa Medical Hospital;Gaza City;22-03-2024;;
391;Lack of fuel/medical supply;Obstruction to healthcare delivery;Al Shifa Medical Hospital;Gaza City;22-03-2024;;
392;Bomb;Violence with heavy weapons, fire or chemical agent;Al Helou International Hospital;Gaza City;23-03-2024;;
393;Threat;Violence against individuals;Al Shifa Medical Hospital;Gaza City;23-03-2024;;
394;Firearm;Violence against individuals;Al Shifa Medical Hospital;Gaza City;23-03-2024;;
395;Lack of fuel;Obstruction to healthcare delivery;Al Shifa Medical Hospital;Gaza City;23-03-2024;;
396;Order of evacuation;Evacuation order;Al Amal Hospital;Khan Younis;24-03-2024;26-03-2024;15-04-2024
397;Siege;Siege, occupation of the facility or use as a military base;Al Amal Hospital;Khan Younis;24-03-2024;;
398;Firearm;Violence against individuals;Al Amal Hospital;Khan Younis;24-03-2024;;
399;Siege;Siege, occupation of the facility or use as a military base;Nasser Hospital;Khan Younis;24-03-2024;;
400;Firearm;Violence against individuals;Al Amal Hospital;Khan Younis;24-03-2024;;
401;Hit;Violence with heavy weapons, fire or chemical agent;Al Shifa Medical Hospital;Gaza City;25-03-2024;;
402;Order of evacuation;Evacuation order;Al Shifa Medical Hospital;Gaza City;25-03-2024;;
403;Order of evacuation;Evacuation order;Nasser Hospital;Khan Younis;25-03-2024;;
404;Arrestation;Violence against individuals;Nasser Hospital;Khan Younis;25-03-2024;;
405;Military base;Siege, occupation of the facility or use as a military base;Al Shifa Medical Hospital;Gaza City;26-03-2024;;
406;Denial of access to care;Obstruction to healthcare delivery;Al Shifa Medical Hospital;Gaza City;26-03-2024;;
407;Raid;Siege, occupation of the facility or use as a military base;Nasser Hospital;Khan Younis;27-03-2024;;
408;Order of evacuation;Evacuation order;Nasser Hospital;Khan Younis;27-03-2024;;
409;Artillery;Violence with heavy weapons, fire or chemical agent;Al Shifa Medical Hospital;Gaza City;27-03-2024;;
410;Denial of access to care;Obstruction to healthcare delivery;Al Shifa Medical Hospital;Gaza City;27-03-2024;;
411;Denial of access to care;Obstruction to healthcare delivery;Al Shifa Medical Hospital;Gaza City;27-03-2024;;
412;Arrestation;Violence against individuals;Nasser Hospital;Khan Younis;27-03-2024;;
413;Denial of access to care;Obstruction to healthcare delivery;Al Shifa Medical Hospital;Gaza City;28-03-2024;;
414;Firearm;Violence against individuals;Al Shifa Medical Hospital;Gaza City;28-03-2024;01-04-2024;27-05-2024
415;Bulldozer;Violence with heavy weapons, fire or chemical agent;Al Aqsa Hospital;Deir al Balah;31-03-2024;;
416;Delivery impossible due to insecurity;Obstruction to healthcare delivery;Kamal Adwan Hospital;Gaza North;05-04-2024;;
417;Delivery impossible due to insecurity;Obstruction to healthcare delivery;Al Awda Hospital-North;Gaza North;05-04-2024;;
418;Denial of delivery;Obstruction to healthcare delivery;Al Ahli Arab Hospital;Gaza City;12-04-2024;;
419;Delivery impossible due to insecurity;Obstruction to healthcare delivery;Kamal Adwan Hospital;Gaza North;14-04-2024;;
420;Not specified;Obstruction to healthcare delivery;Nasser Hospital;Khan Younis;19-04-2024;;
421;Delivery impossible due to insecurity;Obstruction to healthcare delivery;Kamal Adwan Hospital;Gaza North;20-04-2024;;
422;Airstrike;Violence with heavy weapons, fire or chemical agent;Al Awda Hospital-Nuseirat;Deir al Balah;22-04-2024;07-01-2024;08-01-2025
423;Order of evacuation;Evacuation order;Indonesian Hospital;Gaza North;23-04-2024;;
424;Military base;Siege, occupation of the facility or use as a military base;Turkish Friendship Hospital;Gaza City;23-04-2024;;
425;Order of evacuation;Evacuation order;Al Najjar Hospital;Rafah;06-05-2024;07-05-2024;
426;Denial of access to care;Obstruction to healthcare delivery;European Hospital;Khan Younis;07-05-2024;;
427;delayed access to care due to insecurity;Obstruction to healthcare delivery;European Hospital;Khan Younis;09-05-2024;;
428;Order of evacuation;Evacuation order;Kuwait Hospital;Rafah;13-05-2024;;
429;Order of evacuation;Evacuation order;Indonesian field Hospital;Rafah;14-05-2024;;
430;Lack of fuel;Obstruction to healthcare delivery;European Hospital;Khan Younis;14-05-2024;;
431;Siege;Siege, occupation of the facility or use as a military base;Al Awda Hospital-North;Gaza North;19-05-2024;;
432;Shelling;Violence with heavy weapons, fire or chemical agent;Al Awda Hospital-North;Gaza North;19-05-2024;;
433;Airstrike;Violence with heavy weapons, fire or chemical agent;Kamal Adwan Hospital;Gaza North;19-05-2024;;
434;Order of evacuation;Evacuation order;Al Awda Hospital-North;Gaza North;20-05-2024;;
435;Order of evacuation;Evacuation order;Kamal Adwan Hospital;Gaza North;20-05-2024;;
436;Inaccessible due to insecurity;Obstruction to healthcare delivery;Al Awda Hospital-North;Gaza North;20-05-2024;;
437;Sniper;Violence against individuals;Al Awda Hospital-North;Gaza North;20-05-2024;;
438;Artillery;Violence with heavy weapons, fire or chemical agent;Al Awda Hospital-North;Gaza North;20-05-2024;;
439;Hit;Violence with heavy weapons, fire or chemical agent;Kamal Adwan Hospital;Gaza North;21-05-2024;21-05-2024;03-06-2024
440;Hit;Violence with heavy weapons, fire or chemical agent;Kamal Adwan Hospital;Gaza North;21-05-2024;;
441;Hit;Violence with heavy weapons, fire or chemical agent;Kamal Adwan Hospital;Gaza North;21-05-2024;;
442;Hit;Violence with heavy weapons, fire or chemical agent;Kamal Adwan Hospital;Gaza North;21-05-2024;;
443;Inaccessible due to insecurity;Obstruction to healthcare delivery;Kamal Adwan Hospital;Gaza North;21-05-2024;;
444;Raid;Siege, occupation of the facility or use as a military base;Al Awda Hospital-North;Gaza North;22-05-2024;;
445;Lack of fuel;Obstruction to healthcare delivery;Al Aqsa Hospital;Deir al Balah;23-05-2024;;
446;Lack of fuel/medical supply;Obstruction to healthcare delivery;Kamal Adwan Hospital;Gaza North;26-05-2024;;
447;Airstrike;Violence with heavy weapons, fire or chemical agent;Kuwait Hospital;Rafah;27-05-2024;;
448;Military base;Siege, occupation of the facility or use as a military base;Noura Al-Kaabi;Gaza North;27-05-2024;;
449;Bomb;Violence with heavy weapons, fire or chemical agent;Indonesian Hospital;Gaza North;28-05-2024;;
450;delayed access to care due to insecurity;Obstruction to healthcare delivery;Al Quds field Hospital;Rafah;29-05-2024;02-06-2024;
451;Not specified;Violence with heavy weapons, fire or chemical agent;Kamal Adwan Hospital;Gaza North;31-05-2024;;
452;Not specified;Violence with heavy weapons, fire or chemical agent;Al Awda Hospital-North;Gaza North;31-05-2024;;
453;Setting fire;Violence with heavy weapons, fire or chemical agent;Indonesian Hospital;Gaza North;31-05-2024;;
454;Military base;Siege, occupation of the facility or use as a military base;Indonesian Hospital;Gaza North;31-05-2024;31-05-2024;14-06-2024
455;Lack of fuel;Obstruction to healthcare delivery;Al Hela Al-Emarati Hospital;Rafah;31-05-2024;31-05-2024;
456;Order of evacuation;Evacuation order;Amercian field Hospital;Unkown;02-06-2024;31-05-2024;
457;Shelling;Violence with heavy weapons, fire or chemical agent;Indonesian Hospital;Gaza North;03-06-2024;;
458;Airstrike;Violence with heavy weapons, fire or chemical agent;Nasser Hospital;Khan Younis;04-06-2024;;
459;Shelling;Violence with heavy weapons, fire or chemical agent;Kuwait Hospital;Rafah;08-06-2024;27-05-2024;
460;Threat;Violence against individuals;Al Aqsa Hospital;Deir al Balah;08-06-2024;;
461;Lack of fuel;Obstruction to healthcare delivery;Kuwait field Hospital;Khan Younis;23-06-2024;;
462;Order of evacuation;Evacuation order;European Hospital;Khan Younis;02-07-2024;02-07-2024;25-08-2024
463;Hit;Violence with heavy weapons, fire or chemical agent;Al Ahli Arab Hospital;Gaza City;07-07-2024;07-07-2024;10-07-2024
464;Order of evacuation;Evacuation order;Al Ahli Arab Hospital;Gaza City;07-07-2024;;
465;Lack of fuel;Obstruction to healthcare delivery;Kamal Adwan Hospital;Gaza North;07-07-2024;;
466;Order of evacuation;Evacuation order;Patient Friends Association Hospital;Gaza City;08-07-2024;08-07-2024;11-12-2024
467;Denial of delivery;Obstruction to healthcare delivery;Al Ahli Arab Hospital;Gaza City;16-07-2024;;
468;Denial of delivery;Obstruction to healthcare delivery;Patient Friends Association Hospital;Gaza City;16-07-2024;;
469;Airstrike;Violence with heavy weapons, fire or chemical agent;Al Aqsa Hospital;Deir al Balah;22-07-2024;;
470;Lack of fuel/medical supply;Obstruction to healthcare delivery;Nasser Hospital;Khan Younis;23-07-2024;;
471;Airstrike;Violence with heavy weapons, fire or chemical agent;Field Hospital;Deir al Balah;23-07-2024;;
472;Not specified;Not specified;Kuwait Hospital;Rafah;03-08-2024;;
473;Airstrike;Violence with heavy weapons, fire or chemical agent;Al Aqsa Hospital;Deir al Balah;04-08-2024;;
474;Order of evacuation;Evacuation order;Indonesian Hospital;Gaza North;08-08-2024;;
475;Lack of fuel;Obstruction to healthcare delivery;Al Awda Hospital-North;Gaza North;17-08-2024;;
476;Lack of fuel;Obstruction to healthcare delivery;Al Awda Hospital-North;Gaza North;19-08-2024;;
477;Lack of fuel/medical supply;Obstruction to healthcare delivery;Kamal Adwan Hospital;Gaza North;19-08-2024;;
478;Airstrike;Violence with heavy weapons, fire or chemical agent;Al Amal Hospital;Khan Younis;24-08-2024;;
479;Airstrike;Violence with heavy weapons, fire or chemical agent;Al Ahli Arab Hospital;Gaza City;01-09-2024;;
480;Lack of fuel;Obstruction to healthcare delivery;Not specified;Gaza City;09-09-2024;;
481;Lack of fuel;Obstruction to healthcare delivery;Indonesian Hospital;Gaza North;09-09-2024;;
482;Chemical agent;Violence with heavy weapons, fire or chemical agent;Kamal Adwan Hospital;Gaza North;07-10-2024;;
483;Threat;Violence against individuals;Kamal Adwan Hospital;Gaza North;08-10-2024;;
484;Siege;Siege, occupation of the facility or use as a military base;Kamal Adwan Hospital;Gaza North;08-10-2024;;
485;Firearm;Violence against individuals;Kamal Adwan Hospital;Gaza North;08-10-2024;08-10-2024;09-10-2024
486;Threat;Violence against individuals;Indonesian Hospital;Gaza North;08-10-2024;;
487;Order of evacuation;Evacuation order;Indonesian Hospital;Gaza North;08-10-2024;;
488;Denial of access to care;Obstruction to healthcare delivery;Kamal Adwan Hospital;Gaza North;08-10-2024;;
489;Denial of delivery;Obstruction to healthcare delivery;Al Awda Hospital-North;Gaza North;09-10-2024;;
490;Airstrike;Violence with heavy weapons, fire or chemical agent;Al Yamas As Saeed Hospital;Gaza North;09-10-2024;;
491;Denial of delivery;Obstruction to healthcare delivery;Not specified;Gaza North;10-10-2024;;
492;Lack of fuel;Obstruction to healthcare delivery;Indonesian Hospital;Gaza North;10-10-2024;;
493;Denial of access to care;Obstruction to healthcare delivery;Kamal Adwan Hospital;Gaza North;11-10-2024;;
494;Airstrike;Violence with heavy weapons, fire or chemical agent;Al Awda Hospital-Nuseirat;Deir al Balah;12-10-2024;;
495;Arrestation;Violence against individuals;Kamal Adwan Hospital;Gaza North;13-10-2024;13-10-2024;14-10-2024
496;Airstrike;Violence with heavy weapons, fire or chemical agent;Al Aqsa Hospital;Deir al Balah;14-10-2024;;
497;Airstrike;Violence with heavy weapons, fire or chemical agent;Al Awda Hospital-North;Gaza North;18-10-2024;;
498;Airstrike;Violence with heavy weapons, fire or chemical agent;Indonesian Hospital;Gaza North;18-10-2024;23-10-2024;29-10-2024
499;Lack of fuel/medical supply;Obstruction to healthcare delivery;Indonesian Hospital;Gaza North;19-10-2024;;
500;Siege;Siege, occupation of the facility or use as a military base;Indonesian Hospital;Gaza North;19-10-2024;;
501;Airstrike;Violence with heavy weapons, fire or chemical agent;Kamal Adwan Hospital;Gaza North;19-10-2024;;
502;Siege;Siege, occupation of the facility or use as a military base;Al Yamas As Saeed Hospital;Gaza North;19-10-2024;;
503;Bomb;Violence with heavy weapons, fire or chemical agent;Al Awda Hospital-North;Gaza North;19-10-2024;;
504;Denial of delivery;Obstruction to healthcare delivery;Kamal Adwan Hospital;Gaza North;20-10-2024;;
505;Siege;Siege, occupation of the facility or use as a military base;Al Awda Hospital-North;Gaza North;21-10-2024;;
506;Lack of fuel/medical supply;Obstruction to healthcare delivery;Kamal Adwan Hospital;Gaza North;21-10-2024;;
507;Bomb;Violence with heavy weapons, fire or chemical agent;Kamal Adwan Hospital;Gaza North;22-10-2024;;
508;Shelling;Violence with heavy weapons, fire or chemical agent;Kamal Adwan Hospital;Gaza North;22-10-2024;;
509;Order of evacuation;Evacuation order;Kamal Adwan Hospital;Gaza North;22-10-2024;22-10-2024;23-10-2024
510;Lack of fuel/medical supply;Obstruction to healthcare delivery;Al Awda Hospital-North;Gaza North;22-10-2024;;
511;Inaccessible due to insecurity;Obstruction to healthcare delivery;Al Awda Hospital-North;Gaza North;22-10-2024;;
512;Denial of access to care;Obstruction to healthcare delivery;Al Awda Hospital-North;Gaza North;23-10-2024;;
513;Airstrike;Violence with heavy weapons, fire or chemical agent;Kamal Adwan Hospital;Gaza North;23-10-2024;;
514;Shelling;Violence with heavy weapons, fire or chemical agent;Al Awda Hospital-North;Gaza North;24-10-2024;25-10-2024;27-10-2024
515;Bomb;Violence with heavy weapons, fire or chemical agent;Kamal Adwan Hospital;Gaza North;25-10-2024;;
516;Arrestation;Violence against individuals;Kamal Adwan Hospital;Gaza North;25-10-2024;;
517;Firearm;Violence against individuals;Kamal Adwan Hospital;Gaza North;25-10-2024;;
518;Siege;Siege, occupation of the facility or use as a military base;Kamal Adwan Hospital;Gaza North;25-10-2024;;
519;Inaccessible due to insecurity;Obstruction to healthcare delivery;Kamal Adwan Hospital;Gaza North;25-10-2024;;
520;Denial of delivery;Obstruction to healthcare delivery;Kamal Adwan Hospital;Gaza North;25-10-2024;;
521;Raid;Violence against individuals;Kamal Adwan Hospital;Gaza North;25-10-2024;;
522;Physical abuse;Violence against individuals;Kamal Adwan Hospital;Gaza North;26-10-2024;;
523;Not specified;Not specified;Indonesian Hospital;Gaza North;26-10-2024;;
524;Lack of fuel/medical supply;Obstruction to healthcare delivery;Indonesian Hospital;Gaza North;26-10-2024;;
525;Strike;Violence with heavy weapons, fire or chemical agent;Indonesian Hospital;Gaza North;31-10-2024;;
526;Bomb;Violence with heavy weapons, fire or chemical agent;Kamal Adwan Hospital;Gaza North;31-10-2024;;
527;Lack of fuel/medical supply;Obstruction to healthcare delivery;Al Awda Hospital-North;Gaza North;31-10-2024;;
528;Shelling;Violence with heavy weapons, fire or chemical agent;Kamal Adwan Hospital;Gaza North;31-10-2024;;
529;Not specified;Not specified;Al Awda Hospital-North;Gaza North;31-10-2024;;
530;Siege;Siege, occupation of the facility or use as a military base;Not specified;Gaza North;02-11-2024;;
531;Artillery;Violence with heavy weapons, fire or chemical agent;Kamal Adwan Hospital;Gaza North;03-11-2024;;
532;Lack of fuel/medical supply;Obstruction to healthcare delivery;Al Awda Hospital-North;Gaza North;03-11-2024;;
533;Shelling;Violence with heavy weapons, fire or chemical agent;Kamal Adwan Hospital;Gaza North;05-11-2024;;
534;Denial of delivery;Obstruction to healthcare delivery;Al Awda Hospital-North;Gaza North;05-11-2024;;
535;Military base;Siege, occupation of the facility or use as a military base;Not specified;Rafah;09-11-2024;;
536;Lack of fuel/medical supply;Obstruction to healthcare delivery;Kamal Adwan Hospital;Gaza North;10-11-2024;;
537;Firearm;Violence against individuals;Al Awda Hospital-Nuseirat;Deir al Balah;11-11-2024;;
538;Inaccessible due to insecurity;Obstruction to healthcare delivery;Kamal Adwan Hospital;Gaza North;12-11-2024;;
539;Inaccessible due to insecurity;Obstruction to healthcare delivery;Al Awda Hospital-North;Gaza North;12-11-2024;;
540;Inaccessible due to insecurity;Obstruction to healthcare delivery;Indonesian Hospital;Gaza North;12-11-2024;;
541;Hit;Violence with heavy weapons, fire or chemical agent;Kamal Adwan Hospital;Gaza North;13-11-2024;;
542;Lack of fuel/medical supply;Obstruction to healthcare delivery;Nasser Hospital;Khan Younis;14-11-2024;;
543;Denial of access to care;Obstruction to healthcare delivery;Kamal Adwan Hospital;Gaza North;15-11-2024;;
544;Denial of access to care;Obstruction to healthcare delivery;Al Awda Hospital-North;Gaza North;15-11-2024;;
545;Denial of delivery;Obstruction to healthcare delivery;Kamal Adwan Hospital;Gaza North;17-11-2024;;
546;Strike;Violence with heavy weapons, fire or chemical agent;Kamal Adwan Hospital;Gaza North;18-11-2024;;
547;Denial of delivery;Obstruction to healthcare delivery;Al Awda Hospital-Nuseirat;Gaza North;19-11-2024;;
548;Hit;Violence with heavy weapons, fire or chemical agent;Kamal Adwan Hospital;Gaza North;19-11-2024;;
549;Physical abuse;Violence against individuals;Kamal Adwan Hospital;Gaza North;19-11-2024;;
550;Hit;Violence with heavy weapons, fire or chemical agent;Kamal Adwan Hospital;Gaza North;19-11-2024;;
551;Airstrike;Violence with heavy weapons, fire or chemical agent;Kamal Adwan Hospital;Gaza North;21-11-2024;;
552;Airstrike;Violence with heavy weapons, fire or chemical agent;Al Awda Hospital-North;Gaza North;22-11-2024;;
553;Airstrike;Violence with heavy weapons, fire or chemical agent;Kamal Adwan Hospital;Gaza North;22-11-2024;;
554;Not specified;Violence against individuals;Kamal Adwan Hospital;Gaza North;23-11-2024;;
555;Airstrike;Violence with heavy weapons, fire or chemical agent;Kamal Adwan Hospital;Gaza North;23-11-2024;;
556;Airstrike;Violence with heavy weapons, fire or chemical agent;Kamal Adwan Hospital;Gaza North;23-11-2024;;
557;Airstrike;Violence with heavy weapons, fire or chemical agent;Al Awda Hospital-Nuseirat;Deir al Balah;28-11-2024;;
558;Bomb;Violence against individuals;Al Awda Hospital-North;Gaza North;28-11-2024;;
559;Lack of fuel/medical supply;Obstruction to healthcare delivery;Nasser Hospital;Khan Younis;29-11-2024;;
560;Lack of fuel/medical supply;Obstruction to healthcare delivery;Field Hospital;Gaza North;29-11-2024;;
561;Airstrike;Violence with heavy weapons, fire or chemical agent;Kamal Adwan Hospital;Gaza North;29-11-2024;;
562;Shelling;Violence with heavy weapons, fire or chemical agent;Indonesian Hospital;Gaza North;30-11-2024;;
563;Airstrike;Violence with heavy weapons, fire or chemical agent;Al Ahli Arab Hospital;Gaza City;30-11-2024;;
564;Airstrike;Violence with heavy weapons, fire or chemical agent;Kamal Adwan Hospital;Gaza North;03-12-2024;;
565;Shelling;Violence with heavy weapons, fire or chemical agent;Al Awda Hospital-North;Gaza North;03-12-2024;;
566;Airstrike;Violence with heavy weapons, fire or chemical agent;Al Awda Hospital-North;Gaza North;03-12-2024;;
567;Airstrike;Violence with heavy weapons, fire or chemical agent;Kamal Adwan Hospital;Gaza North;05-12-2024;;
568;Airstrike;Violence with heavy weapons, fire or chemical agent;Indonesian Hospital;Gaza North;05-12-2024;;
569;Order of evacuation;Evacuation order;Kamal Adwan Hospital;Gaza North;06-12-2024;;
570;Raid;Siege, occupation of the facility or use as a military base;Kamal Adwan Hospital;Gaza North;06-12-2024;;
571;Firearm;Violence against individuals;Indonesian Hospital;Gaza North;06-12-2024;;
572;Shelling;Violence with heavy weapons, fire or chemical agent;Kamal Adwan Hospital;Gaza North;07-12-2024;;
573;Airstrike;Violence with heavy weapons, fire or chemical agent;Kamal Adwan Hospital;Gaza North;07-12-2024;;
574;Airstrike;Violence with heavy weapons, fire or chemical agent;Kamal Adwan Hospital;Gaza North;08-12-2024;;
575;Airstrike;Violence with heavy weapons, fire or chemical agent;Indonesian Hospital;Gaza North;08-12-2024;;
576;Inaccessible due to insecurity;Obstruction to healthcare delivery;Kamal Adwan Hospital;Gaza North;11-12-2024;;
577;Airstrike;Violence with heavy weapons, fire or chemical agent;Kamal Adwan Hospital;Gaza North;11-12-2024;;
578;Order of evacuation;Evacuation order;Patient Friends Association Hospital;Gaza City;11-12-2024;;
579;Order of evacuation;Evacuation order;Not specified;Gaza City;11-12-2024;;
580;Order of evacuation;Evacuation order;Not specified;Gaza City;11-12-2024;;
581;Order of evacuation;Evacuation order;Not specified;Gaza City;11-12-2024;;
582;Order of evacuation;Evacuation order;Not specified;Gaza North;11-12-2024;;
583;Order of evacuation;Evacuation order;Not specified;Gaza North;11-12-2024;;
584;Hit;Violence with heavy weapons, fire or chemical agent;Kamal Adwan Hospital;Gaza North;14-12-2024;;
585;Airstrike;Violence with heavy weapons, fire or chemical agent;Kamal Adwan Hospital;Gaza North;15-12-2024;;
586;Sniper;Violence against individuals;Kamal Adwan Hospital;Gaza North;16-12-2024;;
587;Not specified;Not specified;Not specified;Rafah;17-12-2024;;
588;Firearm;Violence against individuals;Kamal Adwan Hospital;Gaza North;17-12-2024;;
589;Airstrike;Violence with heavy weapons, fire or chemical agent;Kamal Adwan Hospital;Gaza North;17-12-2024;;
590;Denial of access to care;Obstruction to healthcare delivery;Kamal Adwan Hospital;Gaza North;17-12-2024;;
591;Strike;Violence with heavy weapons, fire or chemical agent;Kamal Adwan Hospital;Gaza North;18-12-2024;;
592;Strike;Violence with heavy weapons, fire or chemical agent;Al Awda Hospital-North;Gaza North;18-12-2024;;
593;Order of evacuation;Evacuation order;Not specified;Gaza North;18-12-2024;;
594;Lack of fuel/medical supply;Obstruction to healthcare delivery;Kamal Adwan Hospital;Gaza North;19-12-2024;;
595;Shelling;Violence with heavy weapons, fire or chemical agent;Kamal Adwan Hospital;Gaza North;20-12-2024;;
596;Order of evacuation;Evacuation order;Kamal Adwan Hospital;Gaza North;21-12-2024;;
597;Bomb;Violence with heavy weapons, fire or chemical agent;Al Awda Hospital-North;Gaza North;21-12-2024;;
598;Bomb;Violence with heavy weapons, fire or chemical agent;Kamal Adwan Hospital;Gaza North;21-12-2024;;
599;Airstrike;Violence with heavy weapons, fire or chemical agent;Kamal Adwan Hospital;Gaza North;22-12-2024;;
600;Bomb;Violence with heavy weapons, fire or chemical agent;Kamal Adwan Hospital;Gaza North;22-12-2024;;
601;Order of evacuation;Evacuation order;Kamal Adwan Hospital;Gaza North;22-12-2024;;
602;Denial of delivery;Obstruction to healthcare delivery;Kamal Adwan Hospital;Gaza North;22-12-2024;;
603;Airstrike;Violence with heavy weapons, fire or chemical agent;Kamal Adwan Hospital;Gaza North;23-12-2024;;
604;Bomb;Violence with heavy weapons, fire or chemical agent;Kamal Adwan Hospital;Gaza North;24-12-2024;;
605;Artillery;Violence with heavy weapons, fire or chemical agent;Al Awda Hospital-North;Gaza North;24-12-2024;;
606;Order of evacuation;Evacuation order;Indonesian Hospital;Gaza North;24-12-2024;24-12-2024;10-03-2025
607;Not specified;Not specified;Al Awda Hospital-Nuseirat;Deir al Balah;26-12-2024;;
608;Military base;Siege, occupation of the facility or use as a military base;Indonesian Hospital;Gaza North;27-12-2024;;
609;Siege;Siege, occupation of the facility or use as a military base;Indonesian Hospital;Gaza North;27-12-2024;;
610;Firearm;Violence against individuals;Al Awda Hospital-North;Gaza North;27-12-2024;;
611;Raid;Siege, occupation of the facility or use as a military base;Kamal Adwan Hospital;Gaza North;27-12-2024;27-12-2024;10-03-2025
612;Arrestation;Violence against individuals;Kamal Adwan Hospital;Gaza North;27-12-2024;;
613;Physical abuse;Violence against individuals;Kamal Adwan Hospital;Gaza North;27-12-2024;;
614;Order of evacuation;Evacuation order;Kamal Adwan Hospital;Gaza North;27-12-2024;;
615;Airstrike;Violence with heavy weapons, fire or chemical agent;Kamal Adwan Hospital;Gaza North;27-12-2024;;
616;Strike;Violence with heavy weapons, fire or chemical agent;Wafa Geriatric Hospital;Gaza City;29-12-2024;;
617;Shelling;Violence with heavy weapons, fire or chemical agent;Al Ahli Arab Hospital;Gaza City;30-12-2024;;
618;Bulldozer;Violence with heavy weapons, fire or chemical agent;Indonesian Hospital;Gaza North;02-01-2025;;
619;Order of evacuation;Evacuation order;Indonesian Hospital;Gaza North;03-01-2025;;
620;Siege;Siege, occupation of the facility or use as a military base;Indonesian Hospital;Gaza North;03-01-2025;;
621;Airstrike;Violence with heavy weapons, fire or chemical agent;Al Shifa Medical Hospital;Gaza City;03-01-2025;;
622;Threat;Violence against individuals;Al Awda Hospital-North;Gaza North;03-01-2025;;
623;Order of evacuation;Evacuation order;Al Awda Hospital-North;Gaza North;03-01-2025;;
624;Bomb;Violence with heavy weapons, fire or chemical agent;Al Awda Hospital-North;Gaza North;03-01-2025;;
625;Shelling;Violence with heavy weapons, fire or chemical agent;Al Awda Hospital-North;Gaza North;03-01-2025;;
626;Shelling;Violence with heavy weapons, fire or chemical agent;Al Awda Hospital-North;Gaza North;03-01-2025;;
627;Airstrike;Violence with heavy weapons, fire or chemical agent;Al Amal Hospital;Khan Younis;04-01-2025;;
628;Airstrike;Violence with heavy weapons, fire or chemical agent;Al Ahli Arab Hospital;Gaza City;04-01-2025;;
629;Airstrike;Violence with heavy weapons, fire or chemical agent;Al Amal Hospital;Khan Younis;04-01-2025;;
630;Inaccessible due to insecurity;Obstruction to healthcare delivery;Beit Hanoun Hospital;Gaza North;05-01-2025;05-01-2025;
631;Shelling;Violence with heavy weapons, fire or chemical agent;Indonesian Hospital;Gaza North;06-01-2025;;
632;Lack of fuel;Obstruction to healthcare delivery;Al Aqsa Hospital;Deir al Balah;08-01-2025;;
633;Lack of fuel/medical supply;Obstruction to healthcare delivery;European Hospital;Khan Younis;08-01-2025;;
634;Lack of fuel/medical supply;Obstruction to healthcare delivery;Nasser Hospital;Khan Younis;08-01-2025;;
635;Inaccessible due to insecurity;Obstruction to healthcare delivery;Al Awda Hospital-North;Gaza North;08-01-2025;;
636;Siege;Siege, occupation of the facility or use as a military base;Al Awda Hospital-North;Gaza North;08-01-2025;;
637;Artillery;Violence with heavy weapons, fire or chemical agent;Al Awda Hospital-North;Gaza North;08-01-2025;;
638;Lack of fuel/medical supply;Obstruction to healthcare delivery;Al Awda Hospital-North;Gaza North;10-01-2025;;
639;Not specified;Not specified;Indonesian Hospital;Gaza North;13-01-2025;;
640;Denial of delivery;Obstruction to healthcare delivery;Al Awda Hospital-North;Gaza North;14-01-2025;;
641;Denial of delivery;Obstruction to healthcare delivery;Indonesian Hospital;Gaza North;14-01-2025;;
642;Not specified;Violence with heavy weapons, fire or chemical agent;Al Quds Hospital;Gaza City;19-01-2025;;
643;Order of evacuation;Evacuation order;Not specified;Unkown;01-02-2025;;
644;Order of evacuation;Evacuation order;Not specified;Unkown;05-02-2025;;
645;Lack of fuel/medical supply;Obstruction to healthcare delivery;Not specified;Unkown;17-03-2025;;
646;Bomb;Violence with heavy weapons, fire or chemical agent;Turkish Friendship Hospital;Gaza City;21-03-2025;;
647;Airstrike;Violence with heavy weapons, fire or chemical agent;Nasser Hospital;Khan Younis;23-03-2025;;
648;Order of evacuation;Evacuation order;Not specified;Gaza City;26-03-2025;;
649;Order of evacuation;Evacuation order;Not specified;Rafah;31-03-2025;;
650;Order of evacuation;Evacuation order;Not specified;Khan Younis;31-03-2025;;
651;Airstrike;Violence with heavy weapons, fire or chemical agent;Nasser Hospital;Khan Younis;07-04-2025;;
652;Denial of delivery;Obstruction to healthcare delivery;Indonesian Hospital;Gaza North;10-04-2025;;
653;Denial of delivery;Obstruction to healthcare delivery;Al Ahli Arab Hospital;Gaza City;10-04-2025;;
654;Denial of delivery;Obstruction to healthcare delivery;Al Ahli Arab Hospital;Gaza City;11-04-2025;;
655;Denial of delivery;Obstruction to healthcare delivery;Indonesian Hospital;Gaza North;11-04-2025;;
656;Denial of delivery;Obstruction to healthcare delivery;Al Ahli Arab Hospital;Gaza City;12-04-2025;;
657;Threat;Violence against individuals;Al Ahli Arab Hospital;Gaza City;13-04-2025;;
658;Order of evacuation;Evacuation order;Al Ahli Arab Hospital;Gaza City;13-04-2025;;
659;Airstrike;Violence with heavy weapons, fire or chemical agent;Al Ahli Arab Hospital;Gaza City;13-04-2025;;
660;Airstrike;Violence with heavy weapons, fire or chemical agent;Al Ahli Arab Hospital;Gaza City;13-04-2025;13-04-2025;14-04-2025
661;Siege;Siege, occupation of the facility or use as a military base;Al Amal Hospital;Khan Younis;14-04-2025;;
662;Airstrike;Violence with heavy weapons, fire or chemical agent;Kuwait field Hospital;Khan Younis;15-04-2025;;
663;Firearm;Violence against individuals;Al Ahli Arab Hospital;Gaza City;21-04-2025;;
664;Not specified;Not specified;Kuwait field Hospital;Khan Younis;22-04-2025;;
665;Shelling;Violence with heavy weapons, fire or chemical agent;Mohamed Al Durrah Hospital;Gaza City;23-04-2025;23-04-2025;
666;Denial of delivery;Obstruction to healthcare delivery;Kuwait field Hospital;Khan Younis;10-05-2025;;
667;Airstrike;Violence with heavy weapons, fire or chemical agent;Nasser Hospital;Khan Younis;13-05-2025;;
668;Airstrike;Violence with heavy weapons, fire or chemical agent;European Hospital;Khan Younis;13-05-2025;13-05-2025;
669;Inaccessible due to insecurity;Obstruction to healthcare delivery;European Hospital;Khan Younis;14-05-2025;;
670;Order of evacuation;Evacuation order;Not specified;Gaza North;14-05-2025;;
671;Order of evacuation;Evacuation order;Not specified;Gaza North;14-05-2025;;
672;Airstrike;Violence with heavy weapons, fire or chemical agent;European Hospital;Khan Younis;14-05-2025;;
673;Airstrike;Violence with heavy weapons, fire or chemical agent;Al Awda Hospital-North;Gaza North;15-05-2025;;
674;Airstrike;Violence with heavy weapons, fire or chemical agent;European Hospital;Gaza City;16-05-2025;;
675;Inaccessible due to insecurity;Obstruction to healthcare delivery;Indonesian Hospital;Gaza North;16-05-2025;;
676;Airstrike;Violence with heavy weapons, fire or chemical agent;Indonesian Hospital;Gaza North;16-05-2025;;
677;Shelling;Violence with heavy weapons, fire or chemical agent;Al Aqsa Hospital;Deir al Balah;18-05-2025;;
678;Shelling;Violence with heavy weapons, fire or chemical agent;Al Awda Hospital-North;Gaza North;18-05-2025;;
679;Shelling;Violence with heavy weapons, fire or chemical agent;Jordanian field Hospital;Khan Younis;18-05-2025;;
680;Shelling;Violence with heavy weapons, fire or chemical agent;Kamal Adwan Hospital;Gaza North;18-05-2025;;
681;Airstrike;Violence with heavy weapons, fire or chemical agent;Al-Khair Hospital;Khan Younis;18-05-2025;;
682;Siege;Siege, occupation of the facility or use as a military base;Indonesian Hospital;Gaza North;18-05-2025;;
683;Inaccessible due to insecurity;Obstruction to healthcare delivery;Indonesian Hospital;Gaza North;18-05-2025;;
684;Bulldozer;Violence with heavy weapons, fire or chemical agent;Indonesian Hospital;Gaza North;18-05-2025;;
685;Artillery;Violence with heavy weapons, fire or chemical agent;Indonesian Hospital;Gaza North;18-05-2025;;
686;Strike;Violence with heavy weapons, fire or chemical agent;Indonesian Hospital;Gaza North;18-05-2025;18-05-2025;
687;Airstrike;Violence with heavy weapons, fire or chemical agent;European Hospital;Gaza North;18-05-2025;;
688;Shelling;Violence with heavy weapons, fire or chemical agent;Kuwait field Hospital;Khan Younis;18-05-2025;;
689;Order of evacuation;Evacuation order;Not specified;Khan Younis;19-05-2025;;
690;Order of evacuation;Evacuation order;Not specified;Khan Younis;19-05-2025;;
691;Order of evacuation;Evacuation order;Not specified;Khan Younis;19-05-2025;;
692;Order of evacuation;Evacuation order;Field Hospital;Khan Younis;19-05-2025;;
693;Airstrike;Violence with heavy weapons, fire or chemical agent;Al Awda Hospital-North;Gaza North;19-05-2025;;
694;Airstrike;Violence with heavy weapons, fire or chemical agent;Nasser Hospital;Khan Younis;19-05-2025;;
695;Strike;Violence with heavy weapons, fire or chemical agent;Indonesian Hospital;Gaza North;19-05-2025;;
696;Shelling;Violence with heavy weapons, fire or chemical agent;Sheik Hamad Hospital for Rehabilitation and Prosthetics;Gaza City;19-05-2025;16-09-2025;
697;Lack of fuel/medical supply;Obstruction to healthcare delivery;Al Awda Hospital-North;Gaza North;20-05-2025;;
698;Airstrike;Violence with heavy weapons, fire or chemical agent;Al Awda Hospital-North;Gaza North;20-05-2025;;
699;Inaccessible due to insecurity;Obstruction to healthcare delivery;Kamal Adwan Hospital;Gaza North;20-05-2025;20-05-2025;
700;Firearm;Violence against individuals;Al Awda Hospital-North;Gaza North;21-05-2025;;
701;Shelling;Violence with heavy weapons, fire or chemical agent;Al Awda Hospital-North;Gaza North;21-05-2025;;
702;Not specified;Obstruction to healthcare delivery;Kamal Adwan Hospital;Gaza North;21-05-2025;;
703;Firearm;Violence against individuals;Indonesian Hospital;Gaza North;22-05-2025;;
704;Inaccessible due to insecurity;Obstruction to healthcare delivery;Al Awda Hospital-North;Gaza North;22-05-2025;;
705;Firearm;Violence against individuals;Al Awda Hospital-North;Gaza North;22-05-2025;;
706;Airstrike;Violence with heavy weapons, fire or chemical agent;Al Awda Hospital-North;Gaza North;22-05-2025;;
707;Bomb;Violence with heavy weapons, fire or chemical agent;Al Awda Hospital-North;Gaza North;22-05-2025;;
708;Airstrike;Violence with heavy weapons, fire or chemical agent;Al Awda Hospital-North;Gaza North;23-05-2025;;
709;Firearm;Violence against individuals;Field Hospital;Khan Younis;28-05-2025;;
710;Firearm;Violence against individuals;Al Awda Hospital-North;Gaza North;28-05-2025;;
711;Inaccessible due to insecurity;Obstruction to healthcare delivery;Al Awda Hospital-North;Gaza North;29-05-2025;;
712;Threat;Violence against individuals;Al Awda Hospital-North;Gaza North;29-05-2025;;
713;Order of evacuation;Evacuation order;Al Awda Hospital-North;Gaza North;29-05-2025;29-05-2025;
714;Not specified;Obstruction to healthcare delivery;Field Hospital;Deir al Balah;30-05-2025;;
715;Bulldozer;Violence with heavy weapons, fire or chemical agent;Noura Al-Kaabi;Gaza North;01-06-2025;01-06-2025;
716;Order of evacuation;Evacuation order;Indonesian Hospital;Gaza North;02-06-2025;;
717;Airstrike;Violence with heavy weapons, fire or chemical agent;European Hospital;Khan Younis;03-06-2025;;
718;Interrogation;Violence against individuals;European Hospital;Khan Younis;03-06-2025;;
719;Raid;Siege, occupation of the facility or use as a military base;European Hospital;Khan Younis;03-06-2025;;
720;Order of evacuation;Evacuation order;European Hospital;Khan Younis;03-06-2025;;
721;Airstrike;Violence with heavy weapons, fire or chemical agent;Al Aqsa Hospital;Deir al Balah;04-06-2025;;
722;Airstrike;Violence with heavy weapons, fire or chemical agent;Al Aqsa Hospital;Deir al Balah;04-06-2025;;
723;Airstrike;Violence with heavy weapons, fire or chemical agent;Al Aqsa Hospital;Deir al Balah;04-06-2025;;
724;Firearm;Violence against individuals;Indonesian Hospital;Gaza North;05-06-2025;;
725;Bulldozer;Violence with heavy weapons, fire or chemical agent;Indonesian Hospital;Gaza North;05-06-2025;;
726;Airstrike;Violence with heavy weapons, fire or chemical agent;Al Ahli Arab Hospital;Gaza City;05-06-2025;;
727;Inaccessible due to insecurity;Obstruction to healthcare delivery;Al Amal Hospital;Khan Younis;09-06-2025;;
728;Shelling;Violence with heavy weapons, fire or chemical agent;Nasser Hospital;Gaza City;09-06-2025;;
729;Order of evacuation;Evacuation order;Nasser Hospital;Khan Younis;12-06-2025;;
730;Airstrike;Violence with heavy weapons, fire or chemical agent;Nasser Hospital;Khan Younis;13-06-2025;;
731;Artillery;Violence with heavy weapons, fire or chemical agent;Field Hospital;Rafah;16-06-2025;;
732;Airstrike;Violence with heavy weapons, fire or chemical agent;Al Ahli Arab Hospital;Gaza City;24-06-2025;;
733;Lack of fuel;Obstruction to healthcare delivery;Al Ahli Arab Hospital;Gaza City;26-06-2025;;
734;Lack of fuel;Obstruction to healthcare delivery;Al Amal Hospital;Khan Younis;26-06-2025;;
735;Lack of fuel;Obstruction to healthcare delivery;Al Aqsa Hospital;Deir al Balah;26-06-2025;;
736;Lack of fuel;Obstruction to healthcare delivery;Al Awda Hospital-Nuseirat;Deir al Balah;26-06-2025;;
737;Lack of fuel;Obstruction to healthcare delivery;Al Helou International Hospital;Gaza City;26-06-2025;;
738;Lack of fuel;Obstruction to healthcare delivery;Al Quds Hospital;Gaza City;26-06-2025;;
739;Lack of fuel;Obstruction to healthcare delivery;Al Sahaba Hospital;Gaza City;26-06-2025;;
740;Lack of fuel;Obstruction to healthcare delivery;Al Shifa Medical Hospital;Gaza City;26-06-2025;;
741;Lack of fuel;Obstruction to healthcare delivery;Al Yamas As Saeed Hospital;Gaza City;26-06-2025;;
742;Lack of fuel;Obstruction to healthcare delivery;Al-Ranteesi Al-Naser Paediatric Hospital;Gaza City;26-06-2025;;
743;Lack of fuel;Obstruction to healthcare delivery;Nasser Hospital;Khan Younis;26-06-2025;;
744;Lack of fuel;Obstruction to healthcare delivery;Ophtalmic Hospital;Gaza City;26-06-2025;20-09-2025;
745;Lack of fuel;Obstruction to healthcare delivery;Public Aid-Cardiovascular Hospital;Gaza City;26-06-2025;13-11-2023;10-07-2024
746;Lack of fuel;Obstruction to healthcare delivery;Sheik Hamad Hospital for Rehabilitation and Prosthetics;Gaza City;26-06-2025;;
747;Lack of fuel;Obstruction to healthcare delivery;Wafa Geriatric Hospital;Gaza City;26-06-2025;;
748;Lack of fuel;Obstruction to healthcare delivery;Al-Khair Hospital;Khan Younis;26-06-2025;;
749;Lack of fuel;Obstruction to healthcare delivery;Patient Friends Association Hospital;Gaza City;26-06-2025;;
750;Lack of fuel;Obstruction to healthcare delivery;Yaffa Hospital;Deir al Balah;26-06-2025;;
751;Hit;Violence with heavy weapons, fire or chemical agent;Nasser Hospital;Khan Younis;26-06-2025;;
752;Airstrike;Violence with heavy weapons, fire or chemical agent;Al Aqsa Hospital;Deir al Balah;30-06-2025;;
753;Lack of fuel/medical supply;Obstruction to healthcare delivery;Al Shifa Medical Hospital;Gaza City;01-07-2025;;
754;Airstrike;Violence with heavy weapons, fire or chemical agent;Nasser Hospital;Khan Younis;02-07-2025;;
755;Firearm;Violence against individuals;Field Hospital;Rafah;04-07-2025;;
756;Lack of fuel;Obstruction to healthcare delivery;Al Aqsa Hospital;Deir al Balah;07-07-2025;;
757;Lack of fuel;Obstruction to healthcare delivery;Nasser Hospital;Khan Younis;09-07-2025;;
758;Arrestation;Violence against individuals;Field Hospital;Khan Younis;21-07-2025;;
759;Not specified;Not specified;Al Ahli Arab Hospital;Gaza City;17-08-2025;;
760;Strike;Violence with heavy weapons, fire or chemical agent;Nasser Hospital;Khan Younis;25-08-2025;;
761;Strike;Violence with heavy weapons, fire or chemical agent;Nasser Hospital;Khan Younis;25-08-2025;;
762;Hit;Violence with heavy weapons, fire or chemical agent;Al Aqsa Hospital;Deir al Balah;01-09-2025;;
763;Firearm;Violence against individuals;Nasser Hospital;Khan Younis;04-09-2025;;
764;Shelling;Violence with heavy weapons, fire or chemical agent;Al Quds Hospital;Gaza City;14-09-2025;;
765;Lack of fuel/medical supply;Obstruction to healthcare delivery;Al Ahli Arab Hospital;Gaza City;15-09-2025;;
766;Lack of fuel/medical supply;Obstruction to healthcare delivery;Al Amal Hospital;Khan Younis;15-09-2025;;
767;Lack of fuel/medical supply;Obstruction to healthcare delivery;Al Aqsa Hospital;Deir al Balah;15-09-2025;;
768;Lack of fuel/medical supply;Obstruction to healthcare delivery;Al Awda Hospital-Nuseirat;Deir al Balah;15-09-2025;;
769;Lack of fuel/medical supply;Obstruction to healthcare delivery;Al Helou International Hospital;Gaza City;15-09-2025;;
770;Lack of fuel/medical supply;Obstruction to healthcare delivery;Al Quds Hospital;Gaza City;15-09-2025;;
771;Lack of fuel/medical supply;Obstruction to healthcare delivery;Al Sahaba Hospital;Gaza City;15-09-2025;;
772;Lack of fuel/medical supply;Obstruction to healthcare delivery;Al Shifa Medical Hospital;Gaza City;15-09-2025;;
773;Lack of fuel/medical supply;Obstruction to healthcare delivery;Al-Khair Hospital;Khan Younis;15-09-2025;;
774;Lack of fuel/medical supply;Obstruction to healthcare delivery;Al-Ranteesi Al-Naser Paediatric Hospital;Gaza City;15-09-2025;;
775;Lack of fuel/medical supply;Obstruction to healthcare delivery;Nasser Hospital;Khan Younis;15-09-2025;;
776;Lack of fuel/medical supply;Obstruction to healthcare delivery;Ophtalmic Hospital;Gaza City;15-09-2025;;
777;Lack of fuel/medical supply;Obstruction to healthcare delivery;Patient Friends Association Hospital;Gaza City;15-09-2025;;
778;Lack of fuel/medical supply;Obstruction to healthcare delivery;Public Aid-Cardiovascular Hospital;Gaza City;15-09-2025;;
779;Lack of fuel/medical supply;Obstruction to healthcare delivery;Wafa Geriatric Hospital;Gaza City;15-09-2025;;
780;Lack of fuel/medical supply;Obstruction to healthcare delivery;Yaffa Hospital;Deir al Balah;15-09-2025;;
781;Lack of fuel/medical supply;Obstruction to healthcare delivery;Sheik Hamad Hospital for Rehabilitation and Prosthetics;Gaza City;15-09-2025;;
782;Artillery;Violence with heavy weapons, fire or chemical agent;Al-Ranteesi Al-Naser Paediatric Hospital;Gaza City;16-09-2025;;
783;Artillery;Violence with heavy weapons, fire or chemical agent;Al-Ranteesi Al-Naser Paediatric Hospital;Gaza City;16-09-2025;;
784;Artillery;Violence with heavy weapons, fire or chemical agent;Al-Ranteesi Al-Naser Paediatric Hospital;Gaza City;16-09-2025;20-09-2025;
785;Lack of fuel/medical supply;Obstruction to healthcare delivery;Kuwait field Hospital;Gaza City;18-09-2025;;
786;Lack of fuel/medical supply;Obstruction to healthcare delivery;Kuwait field Hospital;Khan Younis;18-09-2025;;
787;Inaccessible due to insecurity;Obstruction to healthcare delivery;St. John's Eye Hospital;Gaza City;22-09-2025;13-11-2023;
788;Inaccessible due to insecurity;Obstruction to healthcare delivery;Al-Ranteesi Al-Naser Paediatric Hospital;Gaza City;22-09-2025;23-09-2025;
789;Raid;Siege, occupation of the facility or use as a military base;Jordanian field Hospital;Gaza City;23-09-2025;;
790;Lack of fuel;Obstruction to healthcare delivery;Al Sahaba Hospital;Gaza City;23-09-2025;23-09-2025;
791;Hit;Violence with heavy weapons, fire or chemical agent;Al Quds Hospital;Gaza City;23-09-2025;;
792;Inaccessible due to insecurity;Obstruction to healthcare delivery;Al Quds Hospital;Gaza City;23-09-2025;;
793;Not specified;Violence with heavy weapons, fire or chemical agent;Jordanian field Hospital;Gaza City;24-09-2025;;
794;Siege;Siege, occupation of the facility or use as a military base;Al Shifa Medical Hospital;Gaza City;24-09-2025;;
795;Hit;Violence with heavy weapons, fire or chemical agent;Al Awda Hospital-Nuseirat;Deir al Balah;25-09-2025;;
796;Siege;Siege, occupation of the facility or use as a military base;Al Helou International Hospital;Gaza City;28-09-2025;;
797;Shelling;Violence against individuals;Al Helou International Hospital;Gaza City;29-09-2025;;
798;Firearm;Violence against individuals;Nasser Hospital;Khan Younis;29-09-2025;;
799;Delayed access to care due to insecurity;Obstruction to healthcare delivery;Nasser Hospital;Khan Younis;03-10-2025;;
