Etiquetas de fila;-1998-;-1999-;-2000-;-2001-;-2002-;-2003-;-2004-;-2005-;-2006-;-2007-;-2008-;-2009-;-2010-;-2011-;-2012-;-2013-;-2014-;-2015-;-2016-;-2017-;-2018-;-2019-;-2020-;-2021-;-2022-;-2023-;-2024-
Australia;2670;2652;2636;2573;2583;2551;2545;2598;2604;2705;2702;2591;2494;2382;2333;2250;2150;2155;2171;2163;2212;2162;2092;2146;2128;2111;2084
France;6519;6311;6435;6370;6203;6018;5855;5711;5731;5588;5646;5624;5636;5505;5468;5468;5571;5563;5574;5516;5503;5475;5372;5464;5479;5284;5423
Iran (Islamic Republic of);63793;62941;62067;60994;59476;57737;57857;57633;57636;56733;54912;52969;51311;50754;50502;50343;49971;49219;48244;45641;41640;36704;33656;32238;30931;29777;28589
Israel;1428;1399;1411;1379;1354;1323;1231;1146;1108;1090;1104;1123;1147;1127;1122;1096;1090;1073;1058;1043;1018;981;939;955;927;901;886
Jordan;7719;7453;7230;7088;7066;7042;6835;6638;6660;7256;7319;7193;6994;6785;6563;6227;6489;6658;6821;6651;6461;6308;6136;5990;5849;5720;5587
Lebanon;3646;3504;3341;3185;2999;2793;2601;2420;2298;2206;2144;2135;2180;2221;2258;2350;2716;2914;2852;2772;2703;2661;2627;2693;2778;2850;2920
Mexico;114278;107205;100102;92894;85503;77865;71531;66595;63380;62187;62308;62435;61919;61088;60341;59547;57945;56116;55753;56862;59188;60329;59073;57047;54723;52356;50532
Norway;487;485;477;444;419;412;400;385;382;367;364;358;341;321;312;297;289;280;271;252;240;231;223;232;213;216;225
State of Palestine;6367;6308;6242;6199;6131;5999;5915;5815;5685;5525;5473;5471;5537;5468;5349;5269;5245;5215;5096;4925;4737;4562;4395;4269;4156;4254;4104
Syrian Arab Republic;19687;19387;19121;18811;18416;18055;17794;17684;17759;19026;20356;19656;19530;19447;19405;17996;14937;12878;11678;11745;11676;12516;13508;14185;14658;15777;17023
United States;54614;54018;54959;54865;54797;55051;54680;54490;55346;55041;53159;50853;48879;48165;47928;47345;47305;46431;45263;43901;43177;42352;39831;38864;39108;38994;40074
;;;;;;;;;;;;;;;;;;;;;;;;;;;
;;;;;;;;;;;;;;;;;;;;;;;;;;;
;;;;;;;;;;;;;;;;;;;;;;;;;;;
;;;;;;;;;;;;;;;;;;;;;;;;;;;
;;;;;;;;;;;;;;;;;;;;;;;;;;;
;;;;;;;;;;;;;;;;;;;;;;;;;;;
;;;;;;;;;;;;;;;;;;;;;;;;;;;
;;;;;;;;;;;;;;;;;;;;;;;;;;;
;;;;;;;;;;;;;;;;;;;;;;;;;;;
;;;;;;;;;;;;;;;;;;;;;;;;;;;
;;;;;;;;;;;;;;;;;;;;;;;;;;;
;;;;;;;;;;;;;;;;;;;;;;;;;;;
;;;;;;;;;;;;;;;;;;;;;;;;;;;
;;;;;;;;;;;;;;;;;;;;;;;;;;;
;;;;;;;;;;;;;;;;;;;;;;;;;;;
;;;;;;;;;;;;;;;;;;;;;;;;;;;
;;;;;;;;;;;;;;;;;;;;;;;;;;;
;;;;;;;;;;;;;;;;;;;;;;;;;;;
;;;;;;;;;;;;;;;;;;;;;;;;;;;
;;;;;;;;;;;;;;;;;;;;;;;;;;;
;;;;;;;;;;;;;;;;;;;;;;;;;;;
;;;;;;;;;;;;;;;;;;;;;;;;;;;
;;;;;;;;;;;;;;;;;;;;;;;;;;;
;;;;;;;;;;;;;;;;;;;;;;;;;;;
;;;;;;;;;;;;;;;;;;;;;;;;;;;
;;;;;;;;;;;;;;;;;;;;;;;;;;;
;;;;;;;;;;;;;;;;;;;;;;;;;;;
;;;;;;;;;;;;;;;;;;;;;;;;;;;
;;;;;;;;;;;;;;;;;;;;;;;;;;;
;;;;;;;;;;;;;;;;;;;;;;;;;;;
;;;;;;;;;;;;;;;;;;;;;;;;;;;
;;;;;;;;;;;;;;;;;;;;;;;;;;;
;;;;;;;;;;;;;;;;;;;;;;;;;;;
